"final_predictions_raw","final_predictions_round"
1.30426707407101,1
3.84617311732008,3
2.64095749244485,2
2.33868979529071,2
1.17390155914898,1
4.86172733464122,4
2.70403378914692,2
1.74313095623351,1
0.970751819531123,0
1.49070810937649,1
2.8119079026413,2
1.3755398986328,1
3.33232526967791,3
1.35822470735095,1
1.06145592044021,1
2.31960855644816,2
2.41155228909296,2
1.01588626474583,1
3.6873456512891,3
5.67200815330139,5
2.16002504306601,2
1.51209276578937,1
1.87650672502329,1
2.40611972211953,2
3.73675775349901,3
5.38319197321898,5
2.65571813186591,2
5.58941043665209,5
4.30043140902332,4
2.33917458891545,2
3.88414317256792,3
1.56933278600276,1
4.25797896197624,4
3.18368253646892,3
1.05058262442207,1
3.74103693394824,3
3.44396763588997,3
3.42620657989242,3
1.27676054468791,1
1.48417229817138,1
2.46034916058781,2
1.38840831756856,1
1.26433290876097,1
1.25420104012564,1
3.10984478559598,3
4.03015716247081,4
3.13729429519098,3
4.61291887923214,4
3.85975927892443,3
2.63986067515135,2
3.65272846186203,3
1.36094380870517,1
3.7754349993675,3
1.03902555109492,1
1.65036524743922,1
1.86515194538569,1
5.18513235570387,5
3.94194305590853,3
1.52708285860771,1
1.20806936758487,1
4.78581002982601,4
1.32116653222873,1
3.00784599444845,3
2.5434102579043,2
2.94716369963895,2
2.29163467562001,2
3.7945784095664,3
4.28155162371892,4
0.869442224965601,0
3.55506155709095,3
4.30311440487222,4
3.644195423123,3
2.49904370995723,2
4.57498831767125,4
2.12584380238348,2
3.34817340583323,3
0.661752288042582,0
4.15437283535851,4
4.43873430344169,4
3.79849412340688,3
2.38506953727021,2
1.81928222536816,1
2.36371507251126,2
2.31646970060505,2
3.02270636684989,3
3.3206459162699,3
2.73567932804798,2
4.5037396355384,4
4.1967349894191,4
4.41977595668123,4
2.34183024834919,2
1.51252135862372,1
1.48890206444658,1
3.12579406841112,3
2.66815991218761,2
2.73928345581397,2
3.7492150739174,3
3.25034271347891,3
2.29691383901115,2
1.29123824760527,1
2.78648060604126,2
2.38839107916688,2
3.69427225159936,3
3.86037339048072,3
2.9684995674454,2
1.59090687392046,1
1.31232004422799,1
5.98579217356957,5
5.73457350490344,5
1.14342279847922,1
2.45703099637345,2
3.54583222678582,3
3.99913353237686,3
2.56907289208628,2
1.32193278435033,1
4.68968481138248,4
4.20916925900528,4
4.00153374629983,4
1.97203162664988,1
1.11583184726023,1
2.92913722953951,2
1.23647849383708,1
2.71916741484236,2
4.62509623001514,4
3.40493541141252,3
3.20319076976618,3
2.28280052288873,2
0.881760656517964,0
4.28581638647523,4
3.28496364508861,3
3.5118126127585,3
3.95718826454799,3
3.0851530457371,3
3.20104808025138,3
3.18652620628435,3
4.016323727483,4
1.1329310766917,1
3.48983832952181,3
5.54821433967994,5
3.03127158377326,3
3.46517621222668,3
4.21841793472522,4
3.06947624528455,3
0.932694892026145,0
2.70008688581797,2
2.13439103715921,2
3.68544669345026,3
3.63252816200762,3
5.75401007726546,5
2.61696024559974,2
3.21589413001803,3
3.1513360900873,3
3.15593879653437,3
1.10618047888705,1
1.05512697786378,1
1.06223812711819,1
3.09026568152003,3
5.11901302689158,5
2.94350796079372,2
1.5838355426363,1
1.30712606980458,1
3.70509891232758,3
1.46039148592829,1
3.9433109952783,3
3.74243476337497,3
3.44033373933353,3
4.15985567260124,4
5.49408600371635,5
3.20148563124877,3
1.18369445754629,1
4.85866049886406,4
4.41910940783143,4
1.16720762772679,1
1.7838981351661,1
1.11852865138283,1
5.20572672306559,5
3.89081293811016,3
2.08312854337571,2
2.74993923457358,2
3.77451677715737,3
2.60265828482882,2
1.40165183438981,1
2.54793521035056,2
3.05206332155917,3
3.58932540452762,3
2.84614726941544,2
1.55775383550561,1
3.72026190480404,3
0.838685918683413,0
1.41962695838442,1
4.7575724733709,4
4.22372153602024,4
3.4727150306805,3
2.4600765003408,2
4.35297881478783,4
1.12991840517688,1
3.27618184869114,3
2.89659168789381,2
1.84108741653847,1
3.66696577824057,3
1.08671703775292,1
4.65132776940958,4
1.14010842685503,1
4.02415604201046,4
2.33639630314549,2
5.06700539625721,5
1.68472869968927,1
2.8222503602799,2
2.6304686678503,2
1.44786176002213,1
1.77752657000474,1
1.80055626658911,1
4.40530364871077,4
2.95219980698767,2
4.92503826488916,4
1.17893615980215,1
0.983891004578671,0
3.61677326859936,3
1.40204549055715,1
2.34441411735502,2
2.56764758444045,2
2.40468407367636,2
4.67061491887527,4
1.72071329390415,1
3.5399954865497,3
3.87724398393616,3
1.13047282236588,1
1.54470063101254,1
1.16194649428106,1
1.11694155503685,1
4.03399451643869,4
2.9380576334852,2
2.83815406015107,2
1.69581873923664,1
1.43274911183699,1
2.35457350276857,2
2.24836224898135,2
2.87112173426445,2
3.68064563874927,3
3.92432176439908,3
3.27245744505916,3
1.16751741171835,1
1.16983487447099,1
1.17484654363923,1
1.15813001618833,1
0.988915465404122,0
2.10956222376447,2
2.47815193555837,2
2.40328353694907,2
1.43610553303156,1
0.681568248876775,0
1.32692731996196,1
1.12313332904288,1
1.45568553014262,1
3.61142350741055,3
5.45052090174403,5
1.10735599071114,1
4.60516516365394,4
2.96398122474729,2
1.04700491376827,1
4.07269026258995,4
5.41444125910349,5
4.39349235453396,4
2.52603771073873,2
3.80301068105617,3
3.25348172975634,3
3.69957244650096,3
3.26571140134781,3
1.55504904485738,1
3.59351609153375,3
1.57421368164546,1
3.47449792174634,3
1.39783893339739,1
3.95048503794295,3
2.34935580736833,2
4.01448356140413,4
1.45305226877366,1
2.32082663766981,2
3.52315307582894,3
2.8778024849598,2
3.38193799287844,3
1.10826594370107,1
1.28808392620179,1
3.12511988622654,3
3.92646337540441,3
3.99131158451532,3
4.93493846206941,4
5.44517762090465,5
3.17863569262574,3
3.46435561880048,3
1.39770369937666,1
2.33626448626653,2
1.09727025467941,1
1.40762176451344,1
2.84174298608853,2
1.63995342868226,1
1.62571079195863,1
0.721871444907044,0
1.23935293927244,1
3.27728381180625,3
4.17210896876742,4
2.92466078977022,2
2.16120670035012,2
4.06911834143348,4
5.20922881823775,5
4.20760694701175,4
2.99363171772079,2
1.53112217015983,1
3.25151881735878,3
1.39149995932594,1
2.7664227721906,2
3.76923237886733,3
3.05453202966778,3
4.19264691242298,4
1.90739355505237,1
3.45162011181271,3
1.15344252650649,1
1.52752854719644,1
2.67558582345881,2
1.48901229446009,1
3.29107329706957,3
2.21746009827105,2
4.09644621291978,4
3.9248658211215,3
1.17132930083529,1
1.05911391051221,1
6.33043441368054,6
4.92801601188507,4
1.53520604284537,1
1.10213060608918,1
5.02558554571522,5
4.44069441414596,4
3.69313772215358,3
3.106350787963,3
4.89545595299101,4
3.95048157830857,3
3.97790507099604,3
1.50722838666319,1
1.41340700286283,1
1.29237186867979,1
4.26080691749585,4
5.22514376461669,5
4.16005304983113,4
3.65586127614197,3
3.21170957942973,3
4.46906227994025,4
4.0574580703343,4
3.63543965536748,3
3.71013311306792,3
3.31846217816334,3
3.07440978077446,3
3.09525503624111,3
2.80888097114179,2
2.91602010862364,2
3.75241078135388,3
3.80776327644702,3
3.78778079186986,3
3.46131431759097,3
3.0314325734217,3
3.64497847534694,3
5.0077212028243,5
3.214929948081,3
4.37518767529006,4
2.20819691790046,2
1.78677471927898,1
1.10216546368473,1
3.31508909536993,3
1.14729779875447,1
4.44218676414555,4
3.61144073402453,3
4.11296836380057,4
1.21407661952825,1
2.66373885213756,2
2.81816857984638,2
2.69156772854788,2
3.34104276995475,3
2.46454367412653,2
5.36161616826036,5
3.5569710033673,3
4.22975145457046,4
2.94877071412992,2
3.86310036570825,3
3.70047306444003,3
3.22825384923648,3
2.49361745373838,2
3.55111368492,3
4.20266214699557,4
3.57712886248265,3
1.85165470591121,1
3.07042441047368,3
1.34624724410986,1
1.80571811157956,1
3.02592736961141,3
2.59666209238695,2
4.09519148783953,4
1.66550514737199,1
4.06774755336598,4
5.4277480479043,5
2.75711692506072,2
3.79281424810315,3
2.76981934269986,2
1.63883112905463,1
2.27740874519384,2
4.19066200772302,4
0.953895580773163,0
4.2336678952157,4
4.70184631707408,4
3.48764842270788,3
3.86462490171493,3
4.19334047546119,4
1.35677507717354,1
3.05759946298741,3
3.08986239089102,3
3.78571761173318,3
4.20434984485387,4
3.58016583951335,3
6.14227061730591,6
1.3341411069873,1
4.15528700084854,4
1.52422866039321,1
1.04104321024729,1
2.80413506379482,2
2.17484928959933,2
1.33502833426866,1
2.88766672978133,2
3.06486807256052,3
3.57979701417493,3
1.15503951103478,1
4.67213524282517,4
3.64269188168356,3
4.69853964388092,4
5.25733478077755,5
3.42409927091168,3
1.54732349083584,1
2.24766160802888,2
2.83795414456742,2
2.81345191629487,2
4.39723204226593,4
0.812999869916134,0
2.4036743066547,2
3.07391126022955,3
4.81882861765246,4
2.93636078897888,2
2.10625148964928,2
4.63745566185037,4
3.08754615397271,3
1.5739004153691,1
3.2745563541696,3
0.773414962392972,0
4.48498946928651,4
2.24169568089089,2
3.50758213073466,3
1.38540935499271,1
1.4072020156993,1
2.75843686403118,2
3.91365105642512,3
0.939606077398786,0
2.53406928688419,2
4.73178996916164,4
3.04432055782104,3
5.02093437614581,5
3.72008847983845,3
1.42278553826135,1
3.41706842614855,3
3.60246238543898,3
1.37644788461878,1
2.04611353859738,2
4.27031423298082,4
3.19783792205871,3
3.5179673354268,3
1.05143415154387,1
1.90546214612292,1
1.19697378534591,1
2.97972495256039,2
1.51071964478885,1
2.72863099208764,2
3.61688381261525,3
4.06861472060178,4
3.87668787117847,3
2.87262189406775,2
2.26162523434266,2
1.08881680354382,1
4.5758566457348,4
1.12591700814958,1
2.49291477137089,2
1.40079300284252,1
3.19512694480834,3
0.936397590470343,0
1.62670305044176,1
1.33597922995652,1
1.59081004386411,1
1.53164105449625,1
4.89794269806695,4
3.40249275112297,3
1.39385326587114,1
3.88436908034362,3
2.9397496222151,2
1.61597458887444,1
4.31648059647995,4
3.69625384039428,3
1.97857265846193,1
1.3585074575925,1
3.35966161540789,3
3.87764456752045,3
3.76309276022089,3
2.86824648088578,2
2.40788485556305,2
3.14382013436265,3
4.81446903232606,4
4.24971239636594,4
3.65445587529474,3
2.65639688426694,2
1.15118328511083,1
4.549421335211,4
5.02880440515605,5
2.74138285977881,2
4.42784098437176,4
3.69611789174872,3
3.70369578945532,3
3.36025391580818,3
2.97269756513364,2
3.31476402548093,3
1.60058955785245,1
2.85672360517476,2
4.4110192347652,4
4.05871278603002,4
2.89441687551211,2
4.50033929876224,4
2.71799533608092,2
1.50649028673711,1
4.64289436078848,4
3.80814806571293,3
3.19546606270977,3
1.19529567129147,1
4.47453366126861,4
1.53623990344044,1
3.82761040520809,3
4.24622318327291,4
1.65028429914231,1
1.37292339009304,1
3.32132167951055,3
0.901079516897757,0
1.62640560454847,1
3.06270761469911,3
3.46063419130578,3
1.30955692182566,1
5.19261903400406,5
1.43539018434801,1
3.01515586486881,3
2.80256857957164,2
3.25573131653015,3
4.26425016506676,4
2.86123576139627,2
3.87366495419781,3
2.10504782039658,2
1.33568958344275,1
3.3187795947342,3
1.15410479037127,1
3.75008794780908,3
1.51634736879348,1
3.57742582107927,3
2.95751538263092,2
1.53450061347952,1
2.23506070828158,2
3.41991723061808,3
2.64875405953819,2
1.5631023722089,1
2.9924400149933,2
1.42742531000631,1
4.42613565877152,4
3.6178583930498,3
3.425259810879,3
3.89017041211039,3
3.36065301865126,3
6.42277424985223,6
5.20101061100327,5
2.91153872401318,2
1.27007173847894,1
4.77989679263808,4
4.07999490398284,4
1.93181661749541,1
2.99824492474081,2
3.80893744865626,3
1.15835031152703,1
4.13306726701488,4
4.10907234954363,4
3.4438862426722,3
5.33172871042634,5
3.90792175255682,3
1.51340141284127,1
4.36929579661707,4
3.53429896791674,3
4.46208314900495,4
3.49905568275509,3
2.93243751765464,2
1.21113594904645,1
3.18342577349404,3
3.33855285939938,3
2.7879968009757,2
2.41510295602399,2
1.83778081154196,1
1.20658767399734,1
3.41834809349362,3
2.18190511580899,2
2.00300746981692,2
2.4000863988673,2
2.80955971966745,2
3.90846572769538,3
1.95780587505536,1
4.49173629447084,4
1.22419566493338,1
3.84688273540487,3
2.68401726627608,2
1.32788104914105,1
1.24329584873451,1
4.66812195728329,4
5.10331164527272,5
5.77238246173588,5
1.13113840509122,1
1.52948715692696,1
1.4240401390531,1
1.19898515901724,1
4.38904833963168,4
4.75077410607672,4
1.68830679683289,1
4.18830862941593,4
4.07455772266126,4
4.083029958591,4
3.13718096654897,3
3.42937909380835,3
1.98520236193576,1
4.7953852920238,4
1.04855163193146,1
3.40406879637933,3
2.43452186356232,2
3.90095870216659,3
3.6522078297215,3
5.63632274693961,5
1.08534759930192,1
1.34435434577678,1
1.63318591360841,1
3.610248212163,3
1.75741765441999,1
2.59700903849746,2
1.6120989262853,1
1.22934540114927,1
5.2635764020085,5
5.09017407708121,5
0.928818783994216,0
5.4815850713346,5
4.38279614736932,4
4.95465635221164,4
4.29716826398744,4
4.32010439186007,4
3.1754282355696,3
4.70481768119252,4
1.30731708984456,1
1.42214729218431,1
1.50704177854147,1
1.69512109719292,1
3.54271005316702,3
2.45891191531697,2
4.09707358706035,4
4.73176175126377,4
3.36086125107072,3
1.01385153606551,1
2.76175152620063,2
4.02072504995237,4
3.93779964105809,3
1.34641221578175,1
2.84547143285811,2
3.34074389521188,3
2.91510014456636,2
2.8705009291195,2
2.53254083849786,2
4.23618709820272,4
3.88828784842635,3
2.64793929943129,2
3.03354870768789,3
1.16773560420205,1
3.40566854237397,3
2.96344517899182,2
3.69654036449755,3
4.27971762400961,4
4.34811575128718,4
3.39704332815447,3
1.27005718379947,1
3.89734270224346,3
4.71913914489073,4
3.77934135193078,3
3.4920818416443,3
4.67927377662063,4
2.14352817603478,2
3.31358819870682,3
2.89584479134597,2
3.19708781161669,3
4.60723205863125,4
3.15264258221303,3
3.29385725942193,3
3.08248048081033,3
1.69508347179224,1
1.51320797878619,1
2.18183317510565,2
4.32647409052581,4
3.20229110491772,3
3.18366256316996,3
2.7562763262328,2
1.40746983632909,1
3.13397267758675,3
3.99796165206653,3
2.75749575630253,2
4.22855513669998,4
1.41153833651703,1
0.631824207984072,0
3.91191329621278,3
4.87300080970583,4
1.78743646250694,1
3.7618597781056,3
3.93113092522181,3
2.95227777466773,2
2.42135919636666,2
3.25132342242426,3
0.984408600057771,0
3.02962687881226,3
1.31118582017497,1
1.12136879015598,1
1.44000313901037,1
1.04472340265118,1
3.0448285769037,3
5.03308559371592,5
1.38354466435005,1
3.48760713299871,3
3.45978819950424,3
2.86436403455047,2
3.61589656049723,3
2.96689480438639,2
4.14283931413987,4
1.21145737488393,1
3.91987033934807,3
3.2479474285302,3
3.18323659028918,3
3.72094020373158,3
4.52319069069556,4
2.93173339115066,2
2.96883578548782,2
3.11366653703609,3
2.26974708259153,2
1.11268837611105,1
2.88736176991123,2
1.11420840741916,1
3.5544590257194,3
3.10746439187971,3
3.14866315770704,3
3.11065386461995,3
1.02328687686267,1
3.30790126463023,3
3.38929538487923,3
3.28640427373894,3
3.53071374485152,3
3.35741982364065,3
1.8289914456209,1
1.3861780465192,1
2.98858758226278,2
2.45639317423595,2
4.47568270443913,4
4.29328339953684,4
3.3582235728734,3
3.78899824834476,3
1.46508468368268,1
3.53489432483662,3
3.64838187631616,3
4.87889281173493,4
4.44479636740284,4
2.74076203601812,2
3.94377301604189,3
4.51938845858527,4
3.23833386648281,3
3.377897672447,3
2.5527344641465,2
1.38081398088241,1
4.83854430607253,4
4.95003139313458,4
2.46019293212272,2
3.80829112849032,3
4.30160448124145,4
3.32753293475747,3
2.82059069422855,2
3.92757171598259,3
1.41001431718966,1
3.40525789427137,3
4.19521515874337,4
3.76151415139084,3
4.80420950692233,4
0.855669864129355,0
3.97177180360731,3
5.03229890744341,5
3.41770198803454,3
4.67101619585247,4
1.05686737687736,1
1.68482565956404,1
3.57597365887424,3
4.47849467837069,4
1.33141370912031,1
3.43092528440307,3
3.15979250478488,3
4.51570271341901,4
2.93709184025878,2
2.62496347982356,2
2.924344089516,2
3.67743973807977,3
0.963458148167499,0
2.75356575512575,2
3.85298620784854,3
1.46063914146092,1
3.09987966089222,3
6.02597020022757,6
1.41300298860826,1
2.21533885599163,2
0.979828980987761,0
4.67551126233601,4
1.0960934373972,1
2.90215964871339,2
4.43316239774406,4
3.12749882693454,3
5.46189734536098,5
3.35286629951165,3
0.924401107287383,0
3.25065566459994,3
4.06571693886682,4
2.68714046899318,2
4.26368193380089,4
5.81337447410392,5
0.903550204483923,0
5.06842701873472,5
3.34219154300947,3
3.67998299711445,3
1.16611587845831,1
1.10196364138904,1
2.15861083143038,2
3.45845179913044,3
5.07470517526322,5
4.51520520038834,4
3.48940846865701,3
2.66365293037409,2
2.01246439474806,2
4.4003627794979,4
3.7509233462501,3
2.89362049418893,2
1.24419943176623,1
2.18063104057594,2
3.75945566806893,3
1.45419999275393,1
3.45720457178166,3
3.66135046149127,3
2.90318734112863,2
2.39465202287506,2
2.30648725863165,2
3.99909714843137,3
1.18697118562722,1
3.031919677305,3
2.95409129904286,2
4.8352209782419,4
2.2670983449475,2
2.52598886892469,2
4.7743505397015,4
3.80056801029229,3
1.01372725196402,1
1.45522668816621,1
3.46209080444336,3
2.19785644303087,2
0.76457727698051,0
3.26612014948265,3
3.03160174366723,3
1.50254371170659,1
3.71735780775678,3
3.07955970038576,3
1.22704010025038,1
2.3051541284151,2
1.166226031875,1
2.70262149621035,2
4.03753120625598,4
4.23622252084086,4
5.01263932254543,5
2.50886586719961,2
1.09611729630327,1
1.70202701842839,1
2.44381524724545,2
1.74944685053005,1
3.98864282059454,3
3.62015083428377,3
2.27827416065908,2
3.8316228022117,3
1.64465359697546,1
3.90879726113407,3
1.45878519183648,1
2.6347535632251,2
2.95272032382462,2
2.14315856257023,2
3.40938315530057,3
1.09079785206667,1
1.79861669855631,1
1.69353218307507,1
3.57762281421446,3
2.67941170706121,2
5.56769085942216,5
1.88075322429927,1
2.57377344749736,2
4.77853687797507,4
4.6827796142224,4
3.27857771344291,3
1.6293863270884,1
3.99552890200611,3
2.18448063029446,2
3.72463856364895,3
2.95858409390825,2
3.88342694462574,3
6.3883674743718,6
1.29423185835715,1
1.38268960108796,1
5.59655557413176,5
3.63582035892076,3
3.42824217282762,3
4.65494812722285,4
2.26091277894694,2
1.47849509584653,1
2.839261286853,2
3.80197736236961,3
4.11257673983311,4
2.9285736201109,2
2.62400677708673,2
4.36819254738001,4
2.19988031628515,2
1.40693927529481,1
2.88695998720907,2
1.68041787692154,1
3.28005868810548,3
2.69930008930514,2
2.46102100012533,2
3.37039008286628,3
3.47556141776407,3
2.56763933251419,2
3.68019886467449,3
1.86005935099886,1
1.30356239268394,1
2.21927296094873,2
5.38744971308665,5
1.17566770230529,1
5.34644079895103,5
3.11533808885567,3
5.18580438382812,5
2.9879946859776,2
4.03306635079405,4
3.64200365487959,3
0.824401609385773,0
1.39426101895384,1
1.9155707522993,1
2.94049142051858,2
4.1691936785267,4
3.43275737875818,3
3.04670012795692,3
5.93339835219951,5
3.99782712319926,3
1.65741950274074,1
1.07695672706349,1
1.31870270361518,1
3.95441568501283,3
3.20383080241181,3
1.05955473072545,1
4.389837192123,4
3.6231562790142,3
4.69469094765174,4
3.12997383518788,3
3.77824907425297,3
3.33961701704886,3
5.42384050615729,5
1.20860704182103,1
2.77288570878974,2
3.87862006167248,3
1.26006187501615,1
3.33708512340471,3
3.3723811635287,3
4.7282841980957,4
1.14277363530867,1
3.85655098715561,3
3.47857183043583,3
4.41883826759646,4
1.29621281491311,1
3.78299419569828,3
3.21212505491895,3
2.44346385424516,2
3.94389360463811,3
1.52527788203671,1
3.07816921563106,3
2.96225209135795,2
2.68630065564829,2
3.86367682173708,3
1.46605085739778,1
4.28224221139237,4
2.65293460736766,2
3.78930478296146,3
3.38910588340172,3
2.76616777157824,2
3.98207530513052,3
5.289699522867,5
3.60861945064298,3
1.6922566617373,1
4.04375553479996,4
4.49366632036058,4
3.13211764423541,3
2.19069089863192,2
2.64577912179537,2
4.65004340839768,4
1.47126968292935,1
2.82468150681127,2
3.85707808028838,3
2.81432927710755,2
3.74846823008973,3
4.50973923302092,4
2.595492327849,2
4.26045740899549,4
3.81144530608399,3
3.39596657920687,3
2.48084090636131,2
3.06183919128444,3
2.26052527798787,2
4.10533701232478,4
0.974730446045337,0
2.67690958417235,2
3.94010400686535,3
1.41138641161223,1
5.84378293714324,5
3.03996666835864,3
1.04916767245094,1
1.45916224544024,1
4.11337632133487,4
3.71206448832952,3
3.98832694218838,3
3.3667311066097,3
1.15617653255207,1
2.54801019373111,2
2.93431151035476,2
2.26763154881793,2
4.14880957035522,4
3.64117783432925,3
3.51230747150571,3
2.42792561283697,2
4.3839915754015,4
2.82589074263649,2
3.03702673677656,3
2.47826571419735,2
2.10348306865186,2
3.3001474538371,3
1.46059733882078,1
2.88897502761537,2
4.68741928440441,4
3.65430653316783,3
2.18107600127555,2
1.09428111067812,1
1.39420311165601,1
2.43497988967966,2
2.55529287570746,2
1.27381045278899,1
4.84279347824719,4
2.18271572344389,2
3.33607203991343,3
1.11442172376321,1
1.46235512076729,1
2.38736833961841,2
1.36081238631337,1
3.05025575194321,3
3.47589434164473,3
3.02687109043258,3
4.28832405945349,4
4.73027151472037,4
1.24248059926171,1
1.96160799267076,1
4.46031795808799,4
3.82034995632668,3
2.63283321674405,2
4.17065736800267,4
2.06456218652761,2
3.46048397279268,3
1.67072896032757,1
5.69302247162906,5
3.60833299132693,3
1.36131221620764,1
3.58675694724522,3
2.8712219019906,2
2.89881107082251,2
2.91995918434239,2
1.36354894924518,1
3.42706670529317,3
3.12059548904399,3
4.15919233596312,4
1.54511945619026,1
1.18783589535676,1
1.59463066146383,1
4.0126383953969,4
1.48337036316151,1
0.752386295422153,0
3.33671863877557,3
3.78462543936694,3
0.962032500099416,0
3.58691656622839,3
2.90698902645982,2
4.38479980671196,4
4.06796600376399,4
4.00456148862524,4
3.35541207267344,3
4.28155516844749,4
4.22056380650354,4
2.79319429087489,2
1.52108470022791,1
4.69390657824817,4
1.43044661400652,1
2.91104742779195,2
3.84292454803183,3
4.32335403342983,4
3.18000372476237,3
3.64015771914679,3
3.67467630023864,3
1.07127022866963,1
2.13451282061735,2
1.20685042537818,1
3.99447061345293,3
4.23135743315415,4
1.46914282732999,1
2.9073425624993,2
1.18947056109647,1
3.48519674428339,3
1.50591185493623,1
5.47392797750404,5
1.21910618615489,1
1.4975386804723,1
2.81044998543423,2
1.48954785735041,1
3.46340858148568,3
1.42228076248538,1
1.90279529554131,1
1.08720438672344,1
3.6604364764468,3
5.18103961435161,5
2.76781039278995,2
1.38988431973425,1
3.02087493989789,3
3.63801912743534,3
1.6351666034784,1
6.3067113874344,6
3.76985134846216,3
5.22231737365736,5
3.29385069874719,3
2.07556892229403,2
3.86616086130049,3
2.92356193332064,2
3.73984496478832,3
4.50607180324987,4
3.02558565090137,3
4.48027881878568,4
4.17653734801475,4
3.97533147453863,3
4.85276836074292,4
3.34134781434709,3
4.84396587412901,4
0.780833251316761,0
2.55452375284353,2
4.36001087355829,4
2.91660620560608,2
5.36665669651028,5
4.85179719352973,4
3.80939799516689,3
4.42128429411693,4
2.39505690493444,2
1.40755946202661,1
3.53638736701968,3
2.45972388628777,2
2.34298309707611,2
2.23108487991047,2
5.37026274891056,5
3.49682840418678,3
5.0864705631532,5
1.61625217025346,1
4.66488565978674,4
2.58002423859529,2
3.25046161840854,3
2.23624092385601,2
6.2333582269535,6
0.94971042010194,0
3.84635814952856,3
2.59105742243049,2
1.19908213024672,1
2.58564846096383,2
4.42640595769497,4
3.22327086817837,3
3.79760326142585,3
1.25612706443816,1
2.33925086907351,2
3.80783917562252,3
5.59498605200225,5
2.71351129104342,2
3.44092427933875,3
4.26105164045573,4
3.26186887254087,3
3.192826283174,3
3.59920456681017,3
1.4678536530205,1
3.61585722991248,3
3.64066736835508,3
3.25152216105475,3
5.32362775688353,5
3.7072565907126,3
1.91896228425302,1
3.54791593418034,3
2.75245216819306,2
2.34375011018358,2
3.45751935676715,3
1.38186768436802,1
0.993176536993081,0
1.42636957862836,1
3.15770208540585,3
2.09363275670156,2
2.72852660197138,2
2.80038243991446,2
1.83089875443142,1
1.66914694114731,1
1.11990725596284,1
3.45777434908364,3
5.6420679652533,5
1.33192884832551,1
4.37720379124652,4
3.16893497638868,3
2.89111884651274,2
1.02398175501949,1
4.03788780568879,4
3.16672465132969,3
4.17385312691233,4
1.15447002270574,1
2.83294531364309,2
3.25578121919185,3
2.5395284983584,2
3.74717474264641,3
5.39312696041104,5
2.65471351755998,2
4.22841918456348,4
1.126504168282,1
3.24843783800049,3
4.74154785876282,4
3.26947508532289,3
2.97096403676102,2
0.927400265690259,0
2.40319886931503,2
3.41455804960218,3
1.09968895096884,1
3.07873099412905,3
4.18408385796172,4
3.02207472570809,3
4.5238185643358,4
4.26090823717508,4
1.30526147197285,1
3.60010757372949,3
5.04357185895112,5
4.13975991660126,4
3.31566343402863,3
3.02278611115145,3
4.39297570451848,4
2.74656665705722,2
1.52827221862984,1
2.73021982817973,2
3.71522366419189,3
1.6428130506116,1
3.86963022391442,3
2.96161521779924,2
1.58542232271597,1
2.46861077478769,2
2.31582749556011,2
3.00084578812582,3
3.94391738217935,3
2.52388288902032,2
3.54989577027837,3
3.61908529348587,3
1.65840847929439,1
2.57749496603476,2
2.91774843084157,2
2.81368804788498,2
2.13362597691604,2
1.51160117188472,1
3.46834990882034,3
1.18949703001193,1
1.25340690859505,1
3.00290546135771,3
1.10919379406934,1
3.33649112110202,3
3.16061441642931,3
1.24338308453203,1
3.64966428446747,3
0.81003577447958,0
4.32723367167569,4
3.51343167102347,3
0.856943326306372,0
3.49180539078582,3
2.41777541472416,2
4.52860162404595,4
2.2601432394452,2
4.75743537971103,4
3.42659909647693,3
4.03876228804886,4
0.862620374541665,0
3.64549430991938,3
3.09675624602469,3
2.37554519082918,2
3.2973450635583,3
3.91428569502548,3
1.13551653090407,1
4.64831790761268,4
3.21103841341504,3
4.2814350275606,4
1.3773527324484,1
3.30187557932368,3
3.01161157113223,3
1.32810916241927,1
4.3206870032542,4
1.05306936449102,1
2.83829416048331,2
4.37793338949712,4
1.57961183790261,1
4.84088174225036,4
1.67764541794656,1
1.49518270153965,1
4.46254056931904,4
2.61294532380713,2
1.30366057012775,1
3.67565283023871,3
4.50917563128029,4
3.68253527015514,3
3.76980934388619,3
5.78417770389733,5
2.5062664274064,2
3.72803519864444,3
1.06415336344334,1
3.79723863047398,3
1.68542803373182,1
2.94652313778618,2
3.85871088289776,3
3.79027841585711,3
4.10646965863584,4
3.76040735432372,3
3.60074420554766,3
4.2995604168743,4
3.95898306087824,3
5.76432129178074,5
2.81802283613823,2
1.11394057559993,1
2.81621836288415,2
4.62205782953455,4
4.53516255491538,4
2.83794790424127,2
1.58146998140026,1
1.49945336170357,1
4.83545996403272,4
3.75188976127267,3
3.01934258517654,3
3.58078463535205,3
2.38259837453167,2
4.42500821119492,4
4.91393830233875,4
4.97566168043069,4
3.29712223978787,3
2.75175612569001,2
1.63334687409348,1
2.45139839335279,2
6.1326482030478,6
3.47387891517863,3
2.8940998594004,2
3.43056824198641,3
2.36416699990272,2
0.940854242936142,0
1.45412205901684,1
4.9798446778588,4
2.80375648343517,2
2.58488015122208,2
1.13063877405463,1
2.12362766487792,2
3.4701724296729,3
5.25591528068053,5
1.93313046884605,1
4.67652306522432,4
1.26167818192599,1
2.50994981473628,2
4.87210705540234,4
2.62445743355831,2
4.81020802030752,4
2.99521354953387,2
2.30995653394678,2
1.30278273567466,1
4.52328059196334,4
3.53867361803086,3
1.17119812083546,1
3.4098979247724,3
3.02595077438259,3
3.06856055878798,3
3.37710484916951,3
3.68214852057862,3
2.81080502893866,2
6.36006241690384,6
3.46892116630959,3
4.08133962559362,4
3.50165991902151,3
0.898502369259512,0
3.59630554595472,3
3.52935504186265,3
2.03857585042541,2
1.1124057519355,1
2.41458017843951,2
2.89584761931198,2
3.99550283392198,3
1.63535385976131,1
1.2916734349636,1
4.35396328187592,4
1.30020043623119,1
1.15046048139843,1
4.2039787675421,4
3.77209121537215,3
2.86063052584299,2
2.5218278492907,2
1.3080846469348,1
3.46885106665058,3
2.43729178455196,2
4.67276852323449,4
3.28782472304805,3
1.26438115854602,1
1.8484134488252,1
2.00764318317266,2
1.15696926293043,1
2.41448013039961,2
4.76892993261801,4
4.2693146954053,4
4.29388113804625,4
3.80417116379088,3
1.61675464204847,1
4.53364037573747,4
4.75655375328165,4
4.01511770462563,4
3.45650082740447,3
4.04001304872397,4
3.84077216694048,3
1.44300724548686,1
1.85013824367632,1
4.8379624112425,4
1.12784328991003,1
2.19855391835545,2
2.96525805497641,2
4.4647971526909,4
4.00461852918821,4
2.68235865566126,2
3.00789392758315,3
1.04062934538958,1
2.78843153634176,2
1.18765434224078,1
1.09703886737179,1
2.2609483960455,2
3.08943287137314,3
4.60871953890859,4
3.3607981804245,3
2.40067811025676,2
3.3161628035953,3
3.11239054966025,3
3.97098646447327,3
2.5311825166828,2
4.61825081353288,4
2.49894485848197,2
2.31665529263236,2
3.38547898321298,3
0.942551238154358,0
3.59917606206069,3
3.39819684468211,3
4.18912550516316,4
3.12002155904455,3
4.1477592967425,4
1.40380382418995,1
1.28832790398616,1
3.15172824908728,3
3.64160959364885,3
2.13372468892568,2
0.856893264829792,0
2.26818439265004,2
1.52002386338133,1
3.46046851947191,3
3.27029950597988,3
2.82401680687236,2
3.1138589716759,3
3.27043263343803,3
1.35688677588381,1
1.49236258866631,1
1.40758725323419,1
3.1441028509019,3
1.21618923110399,1
1.87286175496378,1
4.72395987668536,4
3.79885993879303,3
5.04914755468413,5
3.18838878638614,3
1.51313299652735,1
3.35512568756451,3
1.59967050597002,1
1.88913959370209,1
1.33233694852,1
2.67876720590745,2
2.21469493349,2
1.03813965252736,1
2.34339446849942,2
2.45761453337676,2
3.4883150352192,3
2.59975370016659,2
0.896965057638065,0
5.73915271607512,5
5.07992422687657,5
3.97247790815131,3
2.13694729294401,2
5.26786906520258,5
3.65150138108786,3
2.80442910744119,2
1.31445263134771,1
1.17269750382071,1
2.84059772914075,2
4.79356429554846,4
3.83949905881529,3
1.07610650352645,1
1.22464957693315,1
3.10716039304416,3
0.865765624117687,0
3.76477145245358,3
1.52327423784654,1
1.49855391394073,1
4.8486810337152,4
3.3000699787415,3
2.75989778186374,2
5.34695799214826,5
1.72661235191674,1
4.16792643704818,4
2.93343782654283,2
2.61250952007039,2
3.95249082940914,3
2.94489240166701,2
3.01890122426819,3
3.23109594718987,3
1.01062700309331,1
3.64358476597909,3
3.80551294778187,3
3.00539261258262,3
3.04456116188235,3
6.37190171331472,6
3.77431143679712,3
3.81439820951634,3
3.18421129878907,3
2.11791338613186,2
3.67198680205228,3
3.82887120100033,3
2.52704284337183,2
3.12134436453387,3
4.97953523925275,4
3.13136098048414,3
1.24629034977915,1
3.70206060543652,3
2.21013959315736,2
2.38676966222042,2
4.03327470935976,4
2.31601537666364,2
1.34281905157556,1
5.53422120100597,5
1.85363183765196,1
5.04578332956943,5
2.75542828466611,2
3.62918098693426,3
1.09223292441295,1
5.32667358436332,5
3.2721019638111,3
2.93271888560052,2
1.20167970882422,1
3.19444571050346,3
3.64001507479848,3
1.43815092663731,1
4.18395020750138,4
3.3183195623713,3
3.48886511506473,3
2.12508372720597,2
2.79115148393186,2
4.5100640312077,4
2.87556464242709,2
3.56302885885244,3
3.99368676179606,3
4.07028046838436,4
3.08171958794511,3
2.30751050644696,2
3.81709768451826,3
3.23243327480775,3
3.4273945359509,3
4.053752195908,4
3.54403587931311,3
3.3626604765315,3
3.18092223098347,3
3.26231539121924,3
1.21679142108141,1
4.00433253038954,4
3.65771297662001,3
4.83402998884527,4
1.04766430895404,1
3.88589700879839,3
2.74378112842064,2
1.43049090342696,1
4.10897224142653,4
3.98127746435393,3
1.23906951485992,1
1.21554597769464,1
4.25395449856601,4
2.67457043224558,2
1.63739679886159,1
3.07919350122707,3
2.89091344791148,2
4.17513628358829,4
1.70873938295392,1
3.21408079525422,3
2.44836151068312,2
3.47685934813295,3
1.80603371184571,1
4.91813735904564,4
2.32035326999516,2
1.05542402316409,1
3.2434950714531,3
3.83089216080854,3
4.41036425813167,4
3.47422794236146,3
4.5282497862792,4
1.49368247119002,1
2.43812151833853,2
2.28838197206916,2
4.72391039202546,4
4.99171796900717,4
2.50717837293393,2
2.65672876856018,2
3.25002047042964,3
3.71746373326926,3
1.23409567225497,1
3.28541149049003,3
4.08204836358492,4
2.96812985548427,2
3.15350088705534,3
1.25508001804481,1
3.50233228367274,3
5.4301636172288,5
3.63498151905219,3
4.75321448011622,4
3.76931018006541,3
1.50803645502595,1
5.90169267532655,5
4.75455945405775,4
3.86419010465,3
2.57052545268933,2
2.56335326866176,2
4.25499968014096,4
4.32525109955571,4
3.18003641637697,3
2.3133514168269,2
2.20018006680466,2
2.06408085075443,2
3.60706718962083,3
1.78571541958522,1
3.82766183887488,3
4.14139436596514,4
2.51513022458846,2
1.31986642709365,1
1.79838022591774,1
3.09337096389076,3
4.24892813080023,4
5.67775543177382,5
2.59927489616875,2
1.76267118635501,1
2.40830321788557,2
5.09946113166123,5
2.85181781861157,2
4.09865862811817,4
2.78815758199144,2
2.74021278805531,2
5.0757998268222,5
1.04229223719421,1
3.2795562631769,3
3.73476047953563,3
3.53107282708479,3
2.31016649029915,2
2.58284402175343,2
1.15669691607474,1
1.50694453537514,1
4.48105538912031,4
4.57193757356163,4
2.82980644607855,2
1.09572752060451,1
1.31514195935512,1
3.71454563343464,3
4.29065159014064,4
2.84527631065091,2
2.56949905940479,2
5.59855093174823,5
5.42785309121843,5
2.69024712846945,2
3.07949910634404,3
3.76793491027001,3
3.96606152267843,3
1.43957155195297,1
2.72216665540916,2
2.72303745933562,2
2.66839316709848,2
4.489839182306,4
4.75620400789166,4
5.02653095036025,5
4.39866251441805,4
4.1684146997509,4
1.93645896792587,1
1.49477732167404,1
4.25642781922395,4
3.0936894159451,3
5.28204231181596,5
2.56049692549022,2
2.93753300459978,2
2.35115868316816,2
1.36849853510064,1
3.33375720319319,3
3.62741544067948,3
3.71755794072381,3
4.14275121758297,4
5.65992431320306,5
6.54278621421875,6
3.84890303591245,3
3.05793368388,3
2.78246695768232,2
2.50103091096314,2
4.27134587027002,4
2.79318346287829,2
3.68406649120486,3
2.67780744983599,2
1.16510339598099,1
3.16609742791957,3
0.764671371879704,0
4.68917678862746,4
3.83467152538867,3
1.52477935647581,1
4.0988239405283,4
3.02751506775381,3
3.91935418225912,3
2.19919050812633,2
4.53282666795726,4
3.46666644728302,3
2.00248998772293,2
2.57840790640628,2
3.05515780801163,3
3.0815129881644,3
4.48505815799326,4
5.16012627952486,5
3.86026469108387,3
2.9459797377616,2
2.78561236043329,2
2.1848452943811,2
3.05624606556798,3
2.93251488569045,2
4.17103647751963,4
1.55765494795992,1
3.80062541602773,3
0.906247719653017,0
4.34712961111947,4
2.42988021176217,2
4.42913892337825,4
1.7866292461092,1
0.861211185357192,0
4.14955046526171,4
4.77515290051076,4
2.13232815527383,2
1.43670844598877,1
3.57787599746678,3
2.8645974113681,2
2.38423367670015,2
5.15418210634398,5
3.9033833732879,3
4.32765302376164,4
0.914938180897131,0
2.80903787443139,2
2.52680117678162,2
1.48499774165963,1
1.55843246857638,1
4.9645306944922,4
3.66372622892197,3
1.09497585090884,1
1.34733423410426,1
3.85030534153916,3
3.2523341768935,3
1.63622752575333,1
1.25116548761315,1
1.47337698754166,1
2.06893999717368,2
1.74740045708424,1
1.08024491810189,1
4.34107328916361,4
3.2960652731107,3
4.01986023089338,4
4.22542181409934,4
3.4318320834653,3
4.07184665099052,4
1.18495811987902,1
5.29526370072702,5
5.55960531941685,5
4.93878143589188,4
3.99979548684834,3
3.10788609809629,3
5.96010992966256,5
2.84284663152163,2
3.28981069052647,3
2.02085961950413,2
0.930344801568969,0
2.78558910845211,2
1.4488394505839,1
3.96681557235789,3
3.65614529025607,3
1.12025553900862,1
3.5046681932758,3
4.50772136896802,4
3.48139257837629,3
4.17790201043626,4
5.03684561322779,5
4.10864767129945,4
2.79050456543365,2
3.36030389479358,3
1.20649260715733,1
1.77953950979819,1
3.89825117233959,3
5.57161987784842,5
4.24137654871383,4
2.91468778475603,2
2.7528394610734,2
3.55523245520946,3
0.903109592316839,0
2.81137142579352,2
1.09882372300444,1
3.97676783862085,3
0.983881024771501,0
3.09570609216249,3
3.03899779141262,3
4.83070399980748,4
3.19378264296482,3
3.14102479815176,3
2.31946421090931,2
4.75854975929368,4
3.38798446561512,3
2.96589014278764,2
3.48818015543375,3
2.48335933014048,2
3.35570863257739,3
2.45104156621718,2
4.50964331528499,4
4.10347995896881,4
4.30553554454089,4
1.4153247678247,1
1.5874518531474,1
4.48350271985258,4
4.41910174833395,4
1.5101621235074,1
2.50504816205337,2
3.08081631209914,3
4.05061138175729,4
1.50237401972962,1
5.2735392628967,5
5.3278577752146,5
4.55523469873996,4
2.27159325418584,2
3.88926551457647,3
1.10551570270827,1
1.99531451102301,1
4.36224347037865,4
2.24917691826687,2
3.00001054950358,3
3.77277937649292,3
3.50492324636509,3
2.92462721969391,2
2.87624858332474,2
4.44644401429642,4
1.39725146212807,1
3.16068718871284,3
2.36139484554775,2
1.30690585869381,1
3.42531773935754,3
0.75658458559825,0
2.14044348062961,2
1.85792431442749,1
5.39692842496895,5
5.07851159146997,5
3.16272248772822,3
2.59987692599447,2
1.40948323727349,1
1.52750690526434,1
2.8069642986099,2
3.53828989287706,3
2.54401685137183,2
4.06351909627321,4
3.95700315173702,3
0.930371169825269,0
2.76315953141739,2
1.73471869035125,1
1.32612035978443,1
3.74023674860453,3
3.2408622520004,3
1.19244864410511,1
2.75908022005814,2
0.83207236085982,0
1.39162731995171,1
2.83869417206288,2
3.76214423903464,3
3.8630332018965,3
1.50092562068022,1
1.44576802986736,1
3.18014922557475,3
1.10133256333765,1
4.24085751235033,4
3.97305566012442,3
3.06695875862993,3
1.46028446309219,1
1.48683931514484,1
3.49137209127093,3
1.18170573976312,1
4.63898592756669,4
3.18301477860287,3
3.58994263350679,3
4.44854791187074,4
5.33525547094516,5
1.67433546031796,1
4.03961915477796,4
2.27521005178602,2
3.14904263013046,3
6.10665579566736,6
4.1809518439777,4
1.80969797232875,1
2.77026197478018,2
1.00798470328741,1
5.18627023205544,5
3.70879342648306,3
2.9153436050066,2
1.31235410375545,1
3.60913965567403,3
3.05638957366859,3
3.60143296969018,3
2.62261781997077,2
3.57731919277912,3
1.55612285168516,1
4.21499224887139,4
3.38885844758632,3
0.842743574226345,0
2.93104323668666,2
3.59119361310736,3
2.09139367896078,2
3.6372914321092,3
2.94612121746172,2
3.4546749821251,3
1.01020143348068,1
4.63850280393659,4
1.43579064260494,1
3.75689645647181,3
3.19579315690267,3
3.42087168793748,3
1.27938755516669,1
1.44072688328152,1
1.02122725807965,1
1.40177338711974,1
3.82515283292045,3
3.51592048067442,3
1.22560277317012,1
4.54127794905994,4
5.16300427909285,5
4.13823014637446,4
3.69324742592902,3
3.51064528158476,3
1.13081919481801,1
2.99934857785647,2
5.12177132669883,5
1.1364359858928,1
6.42298170056334,6
5.50355684146683,5
3.04807351663306,3
3.11245699201227,3
2.65663599465224,2
5.09959518780823,5
4.18983628717216,4
3.4677950056254,3
4.12365798903452,4
5.78235640137794,5
4.74663110620447,4
4.09023055184827,4
1.14511443020196,1
1.41457581911941,1
4.28643819858348,4
2.80935259858952,2
3.75599258386765,3
5.16044962675882,5
1.43181127309524,1
4.1032459404774,4
6.15377027511087,6
3.70316506207027,3
3.50444777843002,3
2.52463036937913,2
1.30795211769514,1
4.00833366275066,4
3.60014790212728,3
3.55266849776081,3
1.37499843151917,1
4.12736817482078,4
3.75429245347022,3
1.7954491039822,1
1.25855840922342,1
2.99960811887806,2
3.07324270256641,3
0.969360299437761,0
3.82044436071651,3
2.71541651577575,2
1.63866809163711,1
3.31429165263453,3
3.00996314501395,3
1.35884513278675,1
2.9386703130164,2
3.38424471761875,3
2.67581829750902,2
1.80522483837569,1
3.50508960033831,3
1.65034498928358,1
2.74693022433305,2
4.94603131939907,4
2.91411245941625,2
5.04157006095301,5
1.33575072795337,1
2.13587178837675,2
3.51190297551942,3
3.94682235226975,3
2.45258373239583,2
1.40037164325708,1
2.98216406199806,2
0.981440666506533,0
3.43186335918125,3
4.27210714283399,4
4.59814684381475,4
1.72974037801143,1
1.10995765322762,1
3.21541594559644,3
3.83450443978385,3
3.48048990441999,3
0.963305086798914,0
3.77850078268095,3
3.38679747355801,3
3.53609683060283,3
1.1474870579407,1
3.0245000326393,3
1.11055594659948,1
3.25979945096618,3
4.14990464539729,4
1.80553337951297,1
4.57454156319329,4
1.06447826394848,1
3.48942544406943,3
3.91736067057153,3
4.25735354686269,4
1.99526322475972,1
1.74715387273565,1
1.12385784920539,1
3.69517337205308,3
5.15520065276075,5
3.69111996911609,3
4.22079731730224,4
1.72524590265535,1
2.9802505678038,2
4.11883624051193,4
4.01900245230767,4
4.67278876715205,4
2.84029399138698,2
1.49570472297019,1
1.66141564857968,1
3.63990151048598,3
4.73857460265904,4
3.46097621827818,3
2.29228721631338,2
3.17618331832967,3
3.59467008745151,3
2.94149070653154,2
2.38444573702888,2
4.13972258103536,4
4.79287602779208,4
0.86325142184115,0
3.58731657162871,3
5.39595367522314,5
1.58235916981591,1
2.40742393351709,2
1.46076125577919,1
1.46182814381073,1
1.10558443502981,1
1.1730510989363,1
4.94338964120363,4
3.79724644051293,3
3.40385356413696,3
3.14921706171757,3
2.94974248370655,2
3.36956869911219,3
3.23099672212822,3
1.56660042589068,1
4.71369677659467,4
3.41984958901075,3
3.35511648402256,3
1.00595284455616,1
2.44490660073705,2
2.06459226797503,2
2.77239867130027,2
1.92678288110098,1
3.36141268462185,3
2.48987722832445,2
2.19614480540158,2
3.12487642532527,3
1.5647225703766,1
3.46752293702964,3
2.86112183048557,2
1.04348088989983,1
6.47850802662789,6
2.61019612942715,2
1.45510671995473,1
1.38203204000334,1
3.17080309192872,3
4.26617780183907,4
4.6272069913948,4
4.847960209344,4
1.36837340607976,1
2.57603208529959,2
2.26507427293101,2
1.5855764173127,1
1.43687935104364,1
2.80968072354365,2
4.97011406054119,4
1.40683481343834,1
2.52491827083428,2
2.28996247063548,2
1.96542624825167,1
2.33470565625936,2
1.04392798248113,1
2.61113167026906,2
3.16704230679437,3
3.26708567835655,3
4.9199694786896,4
1.46843647173423,1
1.22784413021947,1
3.0290856148088,3
1.35723062182996,1
3.35718717801427,3
2.91906705394405,2
5.40894479321303,5
0.870422962137811,0
1.18403578481005,1
3.34687748857468,3
2.95425135790357,2
2.11861430042995,2
4.88047696318654,4
3.32162791840325,3
2.86939729590746,2
3.5333329463708,3
1.75415891200524,1
2.46565093444837,2
2.99401121061093,2
3.81315327611736,3
2.54328101256094,2
2.97888591844656,2
1.43736035386001,1
1.60036934322604,1
0.865098082562763,0
5.65509455348226,5
3.1874991215704,3
4.32164079167635,4
2.29140277155988,2
2.19974046413538,2
4.39067553927794,4
3.85721790318991,3
4.37747207043134,4
2.67752066116827,2
3.13498748320411,3
2.98798814917064,2
4.67853326882323,4
3.6408269380257,3
3.34165054061941,3
4.48576286973058,4
1.40939945188142,1
1.29756562077181,1
3.49905723619432,3
1.15723849879061,1
2.2329781003818,2
1.19971628524838,1
2.7341408846695,2
2.51111299554768,2
1.21635023128406,1
1.42694046598901,1
1.83855472956334,1
0.974922563504072,0
3.92325043167789,3
3.37128357593616,3
0.844777377542067,0
1.21617176694709,1
3.45580784017588,3
3.57614249251263,3
3.46146080735329,3
2.74814376811215,2
1.84016129596154,1
4.64963947110779,4
4.37302042640698,4
1.78860079403311,1
3.24714032431394,3
4.62721216076581,4
3.6446278062432,3
4.31692402256582,4
3.64996670145348,3
3.54501899272794,3
2.3912591817766,2
2.91771446278464,2
4.35035776427293,4
4.69384951908053,4
1.36272228623317,1
5.01912468706393,5
1.80146736211342,1
2.26747065234755,2
2.21758497857494,2
2.24520049001265,2
1.139010803785,1
0.836678786896249,0
2.6548842399983,2
2.56958942017176,2
5.3001072721142,5
1.38238601618106,1
3.0940542941786,3
1.32334049020278,1
3.18682381855671,3
2.614999740698,2
3.1976597458958,3
4.04658108911995,4
2.42716265710739,2
2.53561615872398,2
5.94748526341986,5
4.9738295258935,4
3.16393283252265,3
0.849364432224642,0
0.997484233512565,0
5.07256726328297,5
3.04822404567517,3
2.63337354935556,2
4.00515087956159,4
1.30019210983381,1
3.11532594114513,3
2.78649056979617,2
1.04274401077264,1
1.57929073497782,1
2.61090176329535,2
2.16917442242174,2
3.06803523892026,3
2.85164261264657,2
1.1048734052884,1
5.19328687226664,5
3.24103400802788,3
2.97495628182772,2
3.76559382637044,3
3.05393239355385,3
5.16886266030228,5
3.69030109489691,3
3.37796475728143,3
1.3589140600951,1
1.57410335500775,1
3.50872047743538,3
4.46641350372292,4
2.99836776177481,2
1.49479386992788,1
4.13052530492548,4
4.67242219617207,4
4.50894738853021,4
4.39812372995257,4
1.43432415823916,1
4.37887787621332,4
3.0478077326228,3
1.47568602692189,1
3.54422486381019,3
3.67307276841167,3
4.41870748029985,4
3.18282586403483,3
3.46235465331253,3
3.21689884830839,3
1.37571316892596,1
2.92346791196116,2
2.64568199425723,2
5.13502411245485,5
1.14718064142354,1
1.54433235970943,1
1.08286750633205,1
1.28464049058368,1
3.36996466797746,3
1.25633828701425,1
4.99012530117738,4
3.22589134440868,3
2.39550267802658,2
4.51762741653324,4
3.6184454129258,3
3.2536685079501,3
2.47909552081321,2
3.46006272944077,3
3.77704918752656,3
4.1867451877143,4
3.74925073979808,3
3.97062274895725,3
5.7583824879095,5
1.17675609469992,1
2.9588164206316,2
4.30462575844444,4
2.82434428274938,2
4.42806055498874,4
1.3851427503451,1
3.51715121649002,3
3.01663096456783,3
0.888087103366478,0
2.17186449929771,2
1.32517367339614,1
3.89899057119325,3
2.12683977678808,2
1.22925439338574,1
2.74636624501863,2
1.13265446403608,1
1.50490017848036,1
2.74479114505251,2
1.31832532701018,1
1.96818406143704,1
2.51187395419093,2
3.27202875547541,3
2.36867009182726,2
1.77639415021756,1
4.30822345380387,4
4.73301882857147,4
2.91256516934936,2
3.94642045873488,3
2.78432337072547,2
1.45596117185792,1
1.25581654222724,1
5.54234192799049,5
3.56926636855941,3
3.92207273145678,3
1.67146983220006,1
3.72647456497769,3
2.78699329685792,2
3.07909654343035,3
2.35710548301835,2
1.7983897290262,1
1.3026968165562,1
3.6608022084466,3
2.77334990822217,2
4.31591824350584,4
5.1500318458965,5
2.32395650534442,2
3.56328110838002,3
2.5836573462826,2
2.37697710427862,2
3.3375924009853,3
1.10613868694896,1
3.12029215377315,3
1.31138522914302,1
3.85662117062157,3
1.12106935826208,1
2.89543793387042,2
1.07766756137747,1
3.43099768400725,3
3.20961761851766,3
2.60053576689358,2
2.67341315992093,2
2.13531669846696,2
1.87888614523157,1
2.61969909848219,2
4.54558577464091,4
1.24371159777416,1
0.955395651205586,0
2.16002589762248,2
2.89755964952489,2
1.62976397832882,1
3.50813295112935,3
1.17159881328262,1
2.89291484521546,2
2.87604667000419,2
2.84751549853996,2
3.68760576558187,3
3.55374878184709,3
2.36266322893753,2
0.980165991247259,0
3.43033290273868,3
2.69233535565166,2
1.79762603379185,1
1.46361594213325,1
1.40451332757988,1
1.15921899393495,1
4.79797749529658,4
3.70372964165987,3
2.43407914985208,2
3.39361520860416,3
2.43194966243893,2
3.86709831316729,3
3.19239426672072,3
1.03782235193662,1
3.88045317647132,3
3.58560005602751,3
5.39556904326114,5
2.38510092871655,2
0.795222586093939,0
1.33640198968008,1
2.26709967298735,2
4.96998133328575,4
2.911576919977,2
3.82444862833112,3
4.12512702596408,4
1.20687178233277,1
3.012847762419,3
3.12444038399975,3
1.27439218005748,1
3.43517564781193,3
2.66148925717382,2
2.34781520500932,2
3.37185092340385,3
2.79419708297989,2
1.18291775737166,1
4.40509644031885,4
1.09483544876381,1
2.71465593918039,2
3.57613838765745,3
3.28570790851057,3
2.01012242282231,2
3.53442725732962,3
0.980699127117249,0
4.1259950297765,4
4.43848834573367,4
7.36962166024976,7
2.89160388986049,2
3.72600944331596,3
3.70778726252671,3
3.05292338998675,3
4.56513955934452,4
1.38014542239715,1
1.59626362170235,1
4.0450906678998,4
3.60871667260733,3
3.74735967216803,3
1.34384208279417,1
3.31353188657948,3
1.49875456232232,1
2.74133139009923,2
1.5382370566045,1
3.72605861461711,3
4.26868819395909,4
4.45669938605861,4
1.13490780131853,1
1.52753035024133,1
3.94112641743946,3
4.1519567964218,4
2.23447892871511,2
4.58200005538245,4
3.48112046375431,3
4.54862807082159,4
4.16549006125442,4
4.0927318652332,4
5.44781500871079,5
1.64951604329485,1
4.36259609349712,4
2.68205179065564,2
4.01701597597833,4
3.77547273273267,3
3.36657759760438,3
2.84413448966944,2
6.19610460696734,6
2.98898876153395,2
1.17632257305842,1
2.74051595077758,2
4.63229065145347,4
4.02916298316311,4
3.10792515585691,3
1.79848718266095,1
3.33253539156599,3
3.95097931664196,3
4.72637879087124,4
3.33691285241507,3
2.76035273339452,2
1.50160732204967,1
1.32387343349452,1
1.21033549364568,1
2.58056903982648,2
3.17737218167145,3
2.80350668290721,2
4.53671756385082,4
1.12273164716411,1
3.51197469008499,3
4.18511991008957,4
1.45885446688849,1
1.49930476002096,1
1.29088944051182,1
3.64637131408379,3
1.63196984096743,1
4.04263432040633,4
1.50194633838957,1
3.58986369188708,3
2.74352374279912,2
5.1866194609767,5
2.50280183314767,2
1.11821006579027,1
5.57513338385543,5
4.77605764008547,4
4.06882848457974,4
4.02638053078585,4
3.62148109896331,3
3.2567001283312,3
3.15262326433264,3
5.04694990420119,5
3.6173152885401,3
5.84345059181523,5
3.52615789063446,3
1.59834040042543,1
3.85288330820745,3
2.50242901879599,2
4.4844693761721,4
4.34033042470573,4
3.84898496881655,3
3.70503407003511,3
2.65322029655573,2
1.22298131833759,1
4.94024561850393,4
1.48461331169638,1
1.4814976892378,1
4.21414474431391,4
3.02044095012652,3
3.29345394786649,3
0.852966780018076,0
0.962386109490106,0
2.05437393599816,2
3.27348202785553,3
5.9272758765058,5
2.79209033150427,2
1.4977129552334,1
3.37773484871182,3
3.6277965793793,3
5.18272906989446,5
2.34120485414702,2
2.96291367649325,2
4.32212419709846,4
1.22787383669112,1
2.0174946233524,2
0.959375389862326,0
3.05276306363309,3
3.56561401003511,3
4.25739997418416,4
2.62743194116396,2
2.72199325984103,2
1.42601115953151,1
5.39696635084195,5
4.79678330963463,4
4.54018238550214,4
1.50373258594938,1
3.77605370988877,3
2.28248144398448,2
1.14699413330023,1
1.25844949661624,1
4.8160304377148,4
1.47240455919851,1
3.36700169800186,3
4.26750970038502,4
4.42299244720702,4
3.29617538201005,3
4.87847312702878,4
4.93166544318534,4
4.33724984099441,4
1.21526388109481,1
3.66329238268906,3
3.00017685771822,3
2.89635010632447,2
4.23437684050037,4
4.24063877454096,4
3.79443263656782,3
3.06266347553894,3
5.62733663437813,5
5.55561346832192,5
4.06587013411698,4
3.34444033682181,3
1.49219257638746,1
3.85615653737284,3
5.07931587589161,5
1.03956538660134,1
3.81976457617678,3
3.58980247178274,3
3.61914904107536,3
3.96657464256855,3
2.75198900750978,2
3.92094122251733,3
2.99545007224069,2
3.64069120046136,3
1.45214451031442,1
2.44752689046347,2
3.11432726265861,3
1.40664312140041,1
2.41600599390129,2
1.45241802897904,1
5.64272597645368,5
3.70887130027585,3
3.90142973796366,3
3.15592881714368,3
2.53725364733186,2
1.66540255728383,1
5.29340178720651,5
3.9707868558291,3
1.33164725048031,1
2.25155871877691,2
1.32814452330627,1
3.02000541285002,3
1.10440169948467,1
2.63996724839064,2
2.94012010715115,2
1.11596988899789,1
2.59821870682651,2
3.0112631092238,3
3.39470539696067,3
4.55042094594384,4
4.08814456134618,4
3.09730452829949,3
2.77148681443727,2
3.42731567329464,3
4.71364176740768,4
3.21817164106169,3
2.5182994650006,2
3.73020807919927,3
1.41491949238502,1
4.63794615901541,4
1.76745169286792,1
1.13750077374124,1
2.81175057426078,2
1.26371432632337,1
2.32483516855933,2
4.72817309847308,4
2.58138581976554,2
2.82903032630734,2
2.33816889103949,2
4.09566731135165,4
2.28516465668713,2
3.56186863488739,3
4.07118772740821,4
2.9321980374552,2
3.68397143108792,3
1.24732935089187,1
3.62266971678974,3
1.01660321553083,1
3.07662585825103,3
3.55891022281613,3
2.74882489678263,2
5.76029402003177,5
2.85793813520473,2
3.59040237842251,3
4.79885713808417,4
1.55200352128058,1
3.41714631935933,3
3.85535903236283,3
3.81717255046332,3
2.39187842760546,2
3.2800875071171,3
5.204915066877,5
3.24847994033383,3
1.41137898928966,1
1.81794798312004,1
6.21596342435224,6
1.49578752486063,1
1.46016052629692,1
2.9995265190144,2
3.10652315272999,3
5.0880145308331,5
4.00376751690779,4
1.8110873859808,1
4.50053036797093,4
0.781459699206407,0
2.7785784255035,2
1.92896506141523,1
3.7329777225088,3
1.02958078215148,1
1.04757726901691,1
2.79932894066455,2
2.88454628149865,2
1.30829147747841,1
2.40279030898206,2
3.72808838535689,3
1.35607183597266,1
3.54754832921087,3
3.16761266042819,3
4.29133611720031,4
5.22213785841225,5
1.7488129359949,1
4.81001795822877,4
3.57327609136847,3
4.24843474118843,4
1.91339859348011,1
2.54590573142977,2
1.81767387621338,1
2.73647304158283,2
3.16246347729656,3
5.06946692968041,5
1.17656926274044,1
3.00474909300818,3
3.62649482662265,3
1.47296008908132,1
3.05575635610369,3
2.86554648477885,2
1.26317257344654,1
3.04789970275129,3
3.67577976990695,3
6.20528993417614,6
4.60734344560573,4
1.08712859629454,1
2.90410422424462,2
1.09365984485075,1
1.79087270052472,1
1.41482494237942,1
4.35533573203,4
3.70507999231654,3
3.15178050461808,3
3.11826578010929,3
4.96784582799383,4
3.75759159669492,3
3.67051365370369,3
3.94635864598575,3
3.98844162281435,3
1.24802094343196,1
3.27748412084947,3
3.69130369439169,3
1.12779848856461,1
3.27273993159699,3
2.54518996257418,2
4.4332026487719,4
1.65157991086599,1
5.14222903970058,5
3.6564786801929,3
2.48952075435709,2
4.55922708443403,4
4.11553347569369,4
5.10356670162392,5
1.08616231592931,1
3.58234965468262,3
1.59726500429536,1
2.66530903297498,2
4.2939364911574,4
1.5746901875167,1
4.49361070967656,4
3.7633114498712,3
1.37743944834937,1
2.74783478706725,2
3.61326444354759,3
1.1553486480117,1
3.06742183408677,3
1.5962877476688,1
4.7618000490048,4
2.67628151319196,2
2.94674750499378,2
0.817889291689468,0
4.74841280610964,4
1.30238322155631,1
1.22022794458636,1
5.14221541977582,5
1.3762075852409,1
4.90311951484825,4
2.29385936368905,2
1.52230920839861,1
3.05184630649693,3
2.18089062848305,2
4.53941368356892,4
2.25032378748995,2
1.08692222293637,1
4.24626137448526,4
4.31118560433152,4
4.36235708866322,4
4.17303063132429,4
3.51384268642693,3
1.89750305628663,1
1.13914850854124,1
3.47584480551691,3
5.01132436471537,5
2.48791755410623,2
4.62834126582508,4
4.95679050019154,4
3.57524109761343,3
2.31483354674423,2
3.13256866463049,3
4.51519171608226,4
3.37285337780464,3
1.60787276411639,1
3.32332821624443,3
2.26449340464825,2
4.63337091370177,4
3.7998282272293,3
3.10252006993747,3
2.43131516659312,2
1.73728391782454,1
1.16304964216726,1
2.95147849632375,2
3.93882908799162,3
1.51732350062378,1
3.41776294049049,3
3.67721099432964,3
3.07087164967255,3
2.77971320839066,2
1.24567452328744,1
2.60486649431598,2
2.9164679776058,2
5.74542132572324,5
3.51472815896114,3
3.25958227743387,3
2.84116647124923,2
1.45363054961334,1
3.43416316503401,3
3.50752054691216,3
3.46980641339536,3
1.12605356282481,1
2.97386856718224,2
1.12211547117296,1
5.01866641980838,5
3.30115876442845,3
3.93734615363542,3
1.17515810327733,1
2.72629984623878,2
4.0856598499402,4
3.52981132321388,3
3.70522586008902,3
1.9312402175926,1
3.43440312158975,3
4.69031347274024,4
3.21905894632453,3
4.94132584682638,4
1.91594312734012,1
1.82904809029337,1
2.15392221596629,2
2.10213378750701,2
1.68758940038775,1
5.20052950493017,5
1.15773799779087,1
1.48501963102517,1
1.26817531658192,1
1.17863730561156,1
4.49268527065192,4
1.49829240079417,1
2.22279360038135,2
2.53062550709418,2
4.64909632029551,4
2.74312649284259,2
2.28351679851344,2
2.11513691289309,2
2.83250053102602,2
1.78544202323127,1
1.50843928156704,1
3.47002407956259,3
2.79946090417911,2
3.15203959559564,3
3.48543215256297,3
1.4617603833432,1
2.93610808863425,2
2.61600496628069,2
3.17933174213988,3
2.356103326009,2
3.69932634045208,3
0.797192411883674,0
1.05367399673197,1
1.45478286452253,1
1.61750857430347,1
1.28890209786231,1
1.4076525096959,1
4.09764751458309,4
3.24987224496798,3
2.25980836027546,2
5.36108415596212,5
1.46731837757956,1
3.25663259180542,3
1.93290506766589,1
1.65628095354831,1
2.82777178685326,2
3.68233282674587,3
4.3345713985894,4
2.24529773862363,2
4.25005939349366,4
2.53689629367692,2
0.835753179046771,0
2.34987140703522,2
2.74876708061194,2
3.33995418504182,3
3.9734290893103,3
1.38504698991186,1
2.80830693557581,2
4.23705108364133,4
1.15987524438801,1
2.89690793039211,2
1.4170358075748,1
4.23963639897957,4
3.07180644948962,3
5.5984702639957,5
4.62279437866695,4
4.43832916111463,4
2.63493313750934,2
2.90344176293763,2
2.88763591309231,2
1.36986841147405,1
1.68168950210918,1
3.45996139281552,3
4.6774722517253,4
2.51480312338335,2
1.7057133167491,1
4.42449885985808,4
1.56974922605868,1
1.12483615812515,1
3.67935217128931,3
3.05189382995346,3
4.84049655668336,4
3.29127235963079,3
4.87299373454521,4
1.51306511908525,1
1.3231978685285,1
0.934128837611484,0
1.80247198005941,1
3.76415229518003,3
1.37536553513869,1
1.38344263757746,1
3.47421518727074,3
1.78246951772546,1
4.19724772032635,4
1.77440228355875,1
3.03590773017215,3
5.7793196757479,5
3.54789090428131,3
3.62562763232922,3
1.27574899602138,1
2.27373013259524,2
1.13979089170392,1
4.61815608989042,4
3.66235293788164,3
2.58467736424252,2
1.95879870189776,1
3.0446341558893,3
3.00590761153558,3
4.06302499829574,4
3.04344587363397,3
3.98400186939576,3
1.59726183958536,1
3.52661736176755,3
3.44461202979558,3
5.13520468538106,5
3.26707577141132,3
6.40115170862382,6
4.11147847832139,4
4.03932576418591,4
3.85007057625718,3
4.49130098024422,4
1.40826773505041,1
2.83234631025576,2
4.99391686124917,4
3.63129846824603,3
3.73525306710098,3
3.01195284325556,3
4.23150142182324,4
5.32428905685783,5
3.45581711949958,3
1.34980990479786,1
1.32461439427427,1
5.40565043683378,5
0.969725603530763,0
3.55086866467198,3
0.896652941042682,0
2.15865810461865,2
2.8762648093114,2
3.03690805847221,3
1.45285452171352,1
3.11474616290504,3
4.02888978229149,4
1.14713149573687,1
3.90939984679383,3
1.75732460313951,1
4.41346536023762,4
2.45766037206073,2
3.6303510087271,3
3.75278742045282,3
3.78677661994093,3
2.92422776914516,2
3.32994969290217,3
3.19318416794969,3
4.8989626959407,4
3.46900439735777,3
3.66625035489015,3
4.07507616406088,4
3.00765132712508,3
2.82199222391652,2
1.53464784091309,1
3.01314760966295,3
2.95599103727587,2
2.11126083826177,2
3.2198042176912,3
3.92948218995397,3
1.1830918515101,1
2.7826635479495,2
2.9253818563976,2
1.25155249606009,1
1.33038616501822,1
1.08381483327299,1
4.44259589032386,4
2.0819028930828,2
4.44035899668462,4
1.36499380295775,1
2.30222240737938,2
1.26596616925459,1
4.0677285909333,4
5.70980519459851,5
3.72293597435439,3
2.26205708024254,2
3.49496770602363,3
0.827209281428614,0
0.938767933979284,0
3.33984058329205,3
2.94241399498403,2
2.85129071370226,2
3.39725674213802,3
1.90850303039636,1
1.45721148065517,1
2.89583920758345,2
3.08296746310988,3
3.082999584775,3
1.05876554297244,1
4.43639425789534,4
1.24626314096983,1
4.03250219442814,4
2.94203303481108,2
4.28912290212784,4
2.85399831564905,2
2.88256773765793,2
3.0276184573971,3
4.01378512664612,4
2.88149061832535,2
1.60481247000568,1
2.73001548232247,2
2.23564681389687,2
2.37412528856347,2
3.47194478470217,3
1.70191469562392,1
2.80531184082307,2
2.41416487737772,2
3.65300387352107,3
1.54524267937311,1
4.6178485689474,4
2.81563860402206,2
3.26866519203237,3
2.8742291745329,2
3.22980094545489,3
1.60088502583394,1
3.33090961263691,3
2.84691778208892,2
4.37890196428122,4
4.20964312367299,4
2.85860714823622,2
2.27643625384627,2
1.39278740336553,1
2.25140118335009,2
1.35634990531833,1
4.05506243642119,4
4.45902580550031,4
4.29807265971368,4
4.84345387606752,4
2.34047328882144,2
1.15316322901036,1
1.70542669947815,1
2.7871192322374,2
5.40840902166108,5
1.66531906221409,1
1.1261461541656,1
4.1995013262926,4
4.83695850004482,4
4.10933572380116,4
5.25406136028416,5
5.6213870938763,5
4.02231741898117,4
2.91894130308435,2
3.45819291964291,3
0.750277944194044,0
1.49731064299318,1
1.35396715897791,1
3.97127985538797,3
1.08713533130858,1
4.02948812100763,4
3.76295386751054,3
3.81922460775356,3
2.99722936642172,2
3.14333085970868,3
1.59644544957272,1
3.55154689022835,3
1.29638486968433,1
4.45897546957598,4
2.34251551355177,2
4.97175657441231,4
2.33239081650897,2
2.82637207405364,2
2.87025564838026,2
2.977395755635,2
1.46191292519036,1
1.1360322958754,1
3.36741898405552,3
2.4849587782302,2
3.3451269105281,3
6.72481397344499,6
3.67011782989525,3
3.69897896903099,3
4.14186743371513,4
3.65176945886675,3
1.41994528022995,1
3.99427707480468,3
4.09334597371391,4
1.75570595318033,1
3.00514230276788,3
3.21014480715527,3
3.31771286275603,3
3.97570594334516,3
4.35090660700636,4
3.77153515911458,3
5.16118733172066,5
0.960616324354082,0
1.70256465321414,1
2.26046757871686,2
0.87321674996492,0
1.50325788518066,1
1.91337584824195,1
4.92373137615455,4
1.4784094742536,1
2.36602391179634,2
3.12411215926098,3
1.07588010126498,1
5.26689299904238,5
3.07017139095983,3
2.23199569957512,2
2.60537216964839,2
3.74787955409537,3
4.49341620595479,4
1.5693293780826,1
3.31311898624804,3
4.36015764927829,4
3.7053341631625,3
3.94943935249604,3
2.61658911424602,2
1.43524533598188,1
1.455617922173,1
1.24341778108374,1
3.09413039282658,3
3.34229962813938,3
1.4176300796988,1
1.42497123868176,1
2.76248168709165,2
4.37459368484686,4
3.89615062069144,3
1.43815132904704,1
1.29584173411141,1
1.02607161720432,1
1.06593920667968,1
0.776136333484804,0
1.26959651578759,1
4.27645520758361,4
3.64006605636463,3
1.35988055102364,1
3.98866889327058,3
4.66403433020495,4
2.11659934108489,2
3.05197148501294,3
1.31631349662526,1
4.53083560231526,4
3.28649978507091,3
1.38268091694812,1
1.00787549005729,1
0.834821855740428,0
1.19190341787313,1
4.27877313158768,4
3.58419052779876,3
3.00326880931509,3
1.14234534459371,1
2.99627795440883,2
1.51803550375801,1
1.55125296727093,1
2.67656750309336,2
3.41644705796389,3
3.35666155915944,3
5.85195387605008,5
3.08041554707716,3
4.00389701527731,4
4.52794425559314,4
4.50981525517718,4
3.0152008959748,3
3.00460319920166,3
3.71008351907777,3
3.52957393561644,3
3.54290318763841,3
3.83175342975724,3
2.64552535437753,2
1.12474387545464,1
2.71046859168359,2
1.41756657727631,1
2.17995117952996,2
1.40130636210683,1
4.49411263466391,4
5.28041527118988,5
3.08515540346384,3
2.91744170193188,2
1.51819636271559,1
0.997271768403796,0
2.11765378782199,2
2.39283552737732,2
2.49497780975082,2
4.65863584900244,4
3.48532901170199,3
2.72171994962349,2
1.36041849297356,1
1.51007384434825,1
1.54532376959033,1
1.17931967135731,1
2.9740233886909,2
1.19329176179155,1
1.22821197350061,1
3.06180880833216,3
1.7452865789778,1
1.95218698729353,1
4.43777661811069,4
2.4759149547407,2
2.39027893117886,2
3.22900257039277,3
3.34723809226386,3
1.01956118583638,1
3.38805746515768,3
2.46634692595897,2
1.23849074786244,1
2.48042321044101,2
4.14941786678491,4
3.82508371740025,3
5.33376272443677,5
4.36410437102614,4
3.88646869880753,3
4.3042256848539,4
1.36568806558226,1
1.2917981185727,1
1.28389043952143,1
2.91750638855564,2
1.81672382207313,1
1.88126341198562,1
3.10017714118374,3
3.94935080490861,3
3.78566720723246,3
1.22105069096929,1
1.43533565524524,1
1.1212112832479,1
4.1865578047786,4
1.62168748728876,1
4.37050808598597,4
5.20963016264912,5
4.42658811928674,4
1.4957397602679,1
2.72285506569292,2
4.23623014572475,4
3.68009454907733,3
3.20127760192252,3
1.97449205376333,1
3.86852873825643,3
3.93895053859169,3
3.90740759653921,3
3.61817615097831,3
1.32599362274727,1
4.53077369744116,4
3.43845383064093,3
3.44280191753567,3
2.90733789819615,2
7.10112515845649,7
2.82766311307385,2
4.36991310074111,4
4.62374185404483,4
1.09246682978046,1
1.3147788190107,1
3.21404657861029,3
3.50491782754967,3
4.19442007824166,4
3.60953060338511,3
5.22872572879904,5
1.19557546557398,1
4.63453680791278,4
3.19501378414297,3
1.3142545129504,1
3.63737422963745,3
4.23857428536096,4
4.26752929678072,4
1.64479039370534,1
4.21642277242549,4
2.76327675478223,2
3.50307583087036,3
1.7193048531991,1
3.74019033955667,3
2.86763261393761,2
2.23069278897453,2
1.08753184109758,1
4.00043564848784,4
4.45681056419065,4
3.06992250559705,3
3.00578511091421,3
1.47964355254637,1
3.19476800039299,3
2.82215734062333,2
4.5500636173207,4
3.85894179915722,3
2.41301398990158,2
3.41539260389065,3
1.56267640949317,1
1.33578315057351,1
1.5782020886754,1
2.05017919590503,2
2.63542681401306,2
2.57867178222532,2
3.4075559075672,3
3.17125713475167,3
1.59374867787067,1
3.00924703394083,3
2.47322755432436,2
2.83497235412196,2
5.19624074376853,5
3.49711109464898,3
1.41857272043227,1
1.6415687913531,1
4.60845639781415,4
3.21381363707016,3
4.43754219360643,4
5.21233862389271,5
4.31525848553974,4
1.14271995447507,1
1.55175367109365,1
2.34533138163104,2
3.53199762128105,3
4.9514386527565,4
3.67402740878538,3
3.18880717861713,3
3.92893746204987,3
