buildbackbetter,americanrescueplan,covid19,ncpol,childtaxcredit,nhpolitics,forthepeople,bidenbordercrisis,inflationreductionact,ny19,vote,ia04,sotu,ny21,demvoice1,blackhistorymonth,bidenflation,scotus,peopleoverpolitics,americafirst,party,name
1,0,0,0,0,0,0,0,0,0,0,0,0,0,0,0,0,0,0,0,1,"AADLAND, ERIK"
0.9548095669556038,0.02405711732425113,0.14524262103511978,0.03591011529844832,0.10356105702833501,0,0.03745661679251807,0,0.03667313212468801,0,0,0,0.1156483566686083,0,0,0.13863541920027345,0,0.12880267211906613,0.05213186275207342,0,0,"ADAMS, ALMA SHEALEY"
0,0,0,0,0,0,0,0.5859942906664695,0,0,0,0,0,0,0,0,0,0.8103151802269911,0,0,1,"ADERHOLT, ROBERT B. REP."
0.13836831538207178,0,0.04073974040103978,0,0,0,0,0,0,0,0,0,0,0,0,0,0.9895425624248729,0,0,0,1,"ADKINS, AMANDA"
0,0,0,0,0,0,0,0,0,0,0,0,0,0,0,0,0,0,0,0,0,"AHMED, JUNAID"
0,0,0,0,0,0,0,0,0,0,1,0,0,0,0,0,0,0,0,0,1,"AKANA, JOSEPH"
0.7844422741064515,0,0,0,0,0,0,0,0,0,0,0,0.6202018369810741,0,0,0,0,0,0,0,0,"AL-ABDRABBUH, SAMI"
0,0,0,0,0,0,0,0,0,0,0,0,0,0,0,0,0,0,0,0,1,"ALCIERE, TOM"
0.5517287738935284,0,0,0,0,0,0.23999894593206295,0,0,0,0.798746434113757,0,0,0,0,0,0,0,0,0,0,"ALEXANDER, TIMOTHY C"
0,0,0,0,0,0,0,0,0,0,0,0,0,0,0,0,0,0,0,0,1,"ALFORD, MARK"
0,0,0,0,0,0,0,0.916846482519637,0,0,0,0,0.3557189651072236,0,0,0,0.08866669865749431,0.1580973178254327,0,0,1,"ALLEN, RICHARD W"
0.4993482744391889,0.708287393911595,0.4065539842138988,0,0.2184215594493781,0,0.0737500824485464,0,0.15163563006584987,0,0,0,0.06442661353581852,0,0,0.055653211715228114,0,0.017482598647910554,0,0,0,"ALLRED, COLIN"
1,0,0,0,0,0,0,0,0,0,0,0,0,0,0,0,0,0,0,0,0,"ALMONORD, VALBRUN DR."
0,0,0,0,0,0,0,0,0,0,0,0,0,0,0,0,0,0,0,0,0,"ALONSO LEON, TERESA"
0,0,0,0,0,0,0,0.49564024425346825,0,0,0,0,0.48955232432289036,0,0,0,0,0,0,0.717411506756351,1,"ALTMAN, LARRY THOMAS III"
0,0,0,0,0,0,0,0,0,0,0,0,0,0,0,0,0,0,0,0,1,"AMATA, AUMUA"
0,0,0,0,0,0,0,0,0,0,0,0,0,0,0,0,1,0,0,0,1,"AMBROSE, NICOLEE"
0,0,0,0,0,0,0,0,0,0,0,0,0,0,0,0,0,0,0,0,1,"AMODEI, MARK EUGENE"
0,0,0,0,0,0,0,0,0,0,0,0,0,0,0,0.04464227146252139,0,0,0,0.9990030368315537,1,"ANANTATMULA, MANGA"
0,0,0,0,0,0,0,0,0,0,1,0,0,0,0,0,0,0,0,0,0,"ANDERSON, DAVID LEE JR"
0,0,0,0,0,0,0,0,0,0,0,0,1,0,0,0,0,0,0,0,1,"ANDERSON, DERRICK"
0,0,0,0,0,0,0,0,0,0,0,0,0,0,0,0,0.12239548004146379,0.14454690408250387,0,0.9818989454040489,1,"ANDERSON, TOBY"
0,0,0,0,0,0,0,0,0,0,0,0,0,0,0,0,0,0,0,0,0,"ANDREWS, ANNIE DR."
0,0,0,0,0,0,0,0,0,0,0,0,0,0,0,0,0,0,0,0,1,"ANDREWS, JEANETTE"
0,0,0,0,0,0,0,0,0,0,0,0,0,0,0,0,0,0,0,0,0,"ANDREWS, NAOMI"
0,0,0.44318802641873833,0,0,0,0,0,0,0,0,0,0,0,0,0,0,0.8964286771623627,0,0,0,"ANGEL, ANGELA"
0,0,0,0,0,0,0,0.06518318862442646,0,0,0,0.3249076778689594,0.9225303674673241,0,0,0.06851256358847851,0.18555296417382194,0,0,0,1,"ARENHOLZ, ASHLEY HINSON"
0,0,0.07378742642171146,0,0,0,0,0.9153448482102842,0,0,0,0,0.38244937895068626,0,0,0,0,0.05596820179766141,0,0.08543569210068425,1,"ARMENDARIZ-JACKSON, IRENE"
0,0,0,0,0,0,0,0,0,0,0,0,0,0,0,1,0,0,0,0,1,"ARMSTRONG, KELLY"
0.8540997791816753,0,0.3352964459083123,0,0.3921524935963195,0,0,0,0,0,0.06562227007088574,0,0,0,0,0,0,0,0,0,0,"ARRAF, HUWAIDA"
0,0,0,0,0,0,0,0.5078238691703404,0,0,0,0,0.8182741183249137,0,0,0,0,0,0,0.26933693616073223,1,"ARRINGTON, JODEY"
0,0,0,0,0,0,0,0,0,0,0,0,0,0,0,0,0,0,0,1,1,"ARRINGTON, KATIE"
0,0,0,0,0,0,0,0,0,0,0,0,0,0,0,0,0,0,0,1,1,"ATENCIO, RUDY A"
0,0,0.49897488657884004,0,0,0,0,0,0,0,0,0,0,0,0,0,0,0,0,0.8666164448956839,1,"ATHOLI, ADITYA"
0.2760467675682685,0.8058969221488457,0.28461947900962403,0,0.3524635685773998,0.022795744638408576,0.18482057040005653,0,0.06220027041996285,0,0,0,0.17101523396301857,0,0,0.03534372467493008,0,0,0.0068531745812368105,0,0,"AUCHINCLOSS, JAKE"
0,0,0,0,0,0,0,0,0,0,0,0,0,0,0,0,0,0,0,0,1,"AUSTIN, GERALD DARRYLL"
0.13168337453306034,0.7606485295563666,0.467104205638359,0,0,0,0,0,0.43114610566521494,0,0,0,0,0,0,0,0,0,0,0,0,"AXNE, CINDY"
0,0,0,0,0,0,0,0,0,0,0,0,0,0,0,0,0,0,0,0,1,"BAAN, ANDY"
0,0,0,0,0,0,0,0,0,0,0,0,0,0,0,1,0,0,0,0,1,"BABBAGE, LISA NOEL DR."
0,0,0.8271692510839489,0,0,0,0,0.4483725621474,0,0,0,0,0.041350399776208455,0,0,0,0.14299245020816947,0.30429653168645704,0,0,1,"BABIN, BRIAN"
0,0,0,0,0,0,0,0.929955124118535,0,0,0,0,0,0,0,0,0.3676730437843929,0,0,0,1,"BACON, DONALD J"
0.3248690576806231,0,0.6429879258448341,0,0,0,0,0,0,0,0.13728202556930444,0,0.6798384131799634,0,0,0,0,0,0,0,0,"BAH, OMAR"
0,0,0,0,0,0,0,0,0,0,0,0,0,0,0,0.42472708360520456,0.9053214370886273,0,0,0,1,"BAIRD, JAMES R DR."
0,0,0,0,0,0,1,0,0,0,0,0,0,0,0,0,0,0,0,0,0,"BALDERRAMOS ROBINSON, CORINNA"
0,0,0.2613286561660064,0,0,0,0,0.2352343839756146,0,0,0.09498491695034789,0,0.9313162640124019,0,0,0,0,0,0,0,1,"BALDERSON, WILLIAM TROY"
0.8182960550321356,0.09512674195404255,0,0,0.03483961029873711,0,0,0,0,0,0.03078975858763207,0,0.13054705597972846,0,0,0.3055602860705073,0,0.45691469592904965,0,0,0,"BALINT, REBECCA 'BECCA'"
0,0,0.9897374754977288,0,0,0,0,0,0,0,0.14289761927821817,0,0,0,0,0,0,0,0,0,0,"BANYAI, CINDY LYN"
0,0,0,0,0,0,0,0,0,0,0,0,0,0,0,0,0,0,0,0,0,"BARKLEY, MICHAEL JAMES MR."
0,0,0,0,0,0,0,0.8232427428265712,0,0,0,0,0,0,0,0.3339722272148957,0.4568176138008419,0,0,0.04529465259620707,1,"BARR, GARLAND ANDY"
0.2501733890787617,0.6369090089569922,0.7292188901189195,0,0,0,0,0,0,0,0,0,0,0,0,0,0,0,0,0,0,"BARRAGAN, NANETTE"
0,0,0,0,0,0,0,0,0,0,0,0,0,0,0,0,0,0,0,0,1,"BARRETT, THOMAS MORE"
0,0,0,0,0,0,0,0,0,0,0,0,0,0,0,0,0,0,1,0,1,"BARRY, CHARITY"
0,0,0,0,0,0.9269407135277098,0,0,0,0,0,0,0.15929892296011586,0,0,0,0,0,0,0.33971277095288516,1,"BAXTER, TIM"
0,0,0,0,0,0,0,0,0,0,0,0,0,0,0,0.930981826977625,0,0.3650655254025005,0,0,0,"BEACH, EMILY"
0,0,0,1,0,0,0,0,0,0,0,0,0,0,0,0,0,0,0,0,0,"BEACH-FERRARA, JASMINE"
0,0,0,0,0,0,0,0,0,0,0,0,0,0,0,0,0,0,0,1,1,"BECK, JOEL"
0,0,0,0,0,0,0,0,0,0,1,0,0,0,0,0,0,0,0,0,1,"BECKER, APRIL"
0,0,0,0,0,0,0,0,0,0,0.8284828089782815,0,0.09417048343553197,0,0,0,0.552039994273037,0,0,0,1,"BECKWITH, DAVID"
0.20796718113524323,0,0.24492685187330399,0,0.11017652826661438,0,0,0,0,0,0,0,0,0,0.9405432586655488,0,0,0,0,0,0,"BENAVIDES, TANNYA"
0,0,0,0,0,0,0,0,0,0,0,0,0.19026857659422394,0,0,0,0.8568145557615767,0,0,0.47923552226008864,1,"BENFIELD, ERIKA"
0,0,0,0,0,0,0,0.8316025159504008,0,0,0,0,0.20147252614886396,0,0,0.36282501555145263,0,0,0,0.36905837581912015,1,"BENJAMIN, LEON MR. SR."
0,0,0,0,0,0,0,1,0,0,0,0,0,0,0,0,0,0,0,0,1,"BENTZ, CLIFF"
0.22223606541176308,0.5157930211187833,0.7929326690606076,0,0.1757244581379823,0,0.026279675174394886,0,0.1433173643749461,0,0,0,0.05688486163898077,0,0,0.007417362044057182,0,0.02063964006370099,0,0,0,"BERA, AMERISH"
0,0,0,0,0,0,0,0,0,0,0,0,0,0,0,0,0,0,0,0,1,"BERGMAN, JOHN"
0,0,0,0,0,0,0,0,0,0,0,0,0,0,0,0,0,0,0,0,1,"BERGMANN, CHARLOTTE"
0.2976005430032247,0,0,0,0,0,0,0,0,0,0.3065375439611564,0,0,0,0,0,0,0,0.9041397297688272,0,0,"BEYER, DONALD STERNOFF JR."
0,0,0,0,0,0,0,0,0,0,0,0,1,0,0,0,0,0,0,0,0,"BIAGGI, ALESSANDRA"
0.023793768713636542,0,0,0,0,0,0.02589061322757208,0.9331994397909346,0,0,0,0,0.3026494733080447,0,0,0.05103686020732918,0.18357797661355982,0,0,0,1,"BICE, STEPHANIE"
0,0,0,0,0,0,0,0.966169243400536,0,0,0,0,0,0,0,0,0.20774943199408663,0,0,0.1528305159742985,1,"BIGGS, ANDY"
0,0,0.15302551002773226,0,0,0,0,0.896723583052095,0,0,0,0,0.029714114428890572,0,0,0.01368182490427575,0.4140046955651111,0,0,0,1,"BILIRAKIS, GUS M"
0,0,0,0,0,0,0,0,0,0,0.44218802621862763,0,0,0,0,0,0,0,0,0.8969223765013749,1,"BISH, CHRISTINE"
0.007993238474054525,0,0,0.9410640309873697,0,0,0,0.3364362809712385,0,0,0,0,0.0029090573072688116,0,0,0,0.02687184113329116,0.020363401150881682,0,0,1,"BISHOP, JAMES DANIEL"
0,0.8758824768280422,0,0,0,0,0.1136447960065072,0,0,0,0,0,0,0,0,0.44804451065668777,0,0,0.13845888774875545,0,0,"BISHOP, SANFORD"
0,0,0,0,0,0,0,0,0.19883237498230708,0,0.2402686520162732,0,0,0,0,0,0,0.9501245505286021,0,0,0,"BLACK, DIANNE DODSON"
0,0,0,0,0,0,0,0,0,0,0,0,0,0,0,0,0,0,0,0,1,"BLACKMAN, WALTER JACK"
0,0,0,0,0,0,0.019362235865409926,0.15164816953462007,0,0,0,0,0.31804451102495745,0,0,0,0.9293272447039993,0.01390865208563954,0,0.10785660459156235,1,"BLALOCK, KEVIN ANDREW"
0.6083245879796776,0.3850657145900664,0,0,0.6212973782754999,0,0.2664632344568413,0,0,0,0.143107609082874,0,0.03423610913247445,0,0,0,0,0.05477777461195912,0,0,0,"BLUMENAUER, EARL"
0.6408786549278201,0.6024276425607207,0.31373893606882225,0,0.2977112281460117,0,0.06419579915692579,0,0.09859295328236535,0,0,0,0.08600422261973453,0,0,0.09944987765458618,0,0.06679939620950255,0.06083218632115068,0,0,"BLUNT ROCHESTER, LISA"
0,0,0,0,0,0,0,0.07462332330938158,0,0,0,0,0.9934311600288839,0,0,0,0,0,0,0.08675188702229597,1,"BOEBERT, LAUREN"
0,0,0,0,0,0,0,0.9568331919087901,0,0,0,0,0.2906376487340149,0,0,0,0,0,0,0,1,"BOGNET, JIM"
0,0,0.15318293813461492,0,0,0,0,0,0,0,0.5296479674798235,0,0.3098404523819758,0,0,0,0,0.7746011309549395,0,0,0,"BOHANNAN, CHRISTINA"
0.5705307510722704,0.5360214831725642,0.0464853615813335,0,0.5928187886401421,0,0.061355807966684585,0,0.0539688060077023,0,0,0,0.014691426347898507,0,0,0.140704677099984,0,0.07345713173949255,0.038650550963752445,0,0,"BONAMICI, SUZANNE MS."
0,0,0,0,0,0,0,0,0,0,0,0,0,0,0,0,0,0,0,0,1,"BONAVENTURA, CHANCE"
0,0,0,0,0,0,0,0,0,0,0,0,0,0,0,0.9676123365063207,0,0.04776034811098138,0,0.24788165601572207,1,"BOST, MICHAEL"
0,0,0.08005941067139605,0,0,0,0.10246791359908469,0.07356665317253895,0,0,0,0,0,0,0,0,0,0,0,0.9887763978709193,1,"BOUCHARD, ANTHONY"
0.8110163032598006,0.22814832538525037,0,0,0,0,0.492205743526385,0,0,0,0,0,0,0,0,0.19822831069458455,0,0.09295127943994667,0,0,0,"BOURDEAUX, CAROLYN"
0.3268228796458855,0.4264609331294437,0.04669808627889829,0,0.28988841024585016,0,0.11206651324482529,0,0.1721135751866813,0,0.005331362060072246,0,0.7556432252428154,0,0,0.10470264070938011,0,0,0.0305309645223715,0,0,"BOYLE, BRENDAN F"
0.2067934410468498,0,0,0,0,0,0,0,0,0,0,0,0,0,0,0,0,0.9783846241330673,0,0,0,"BRACY, RANDOLPH"
0.10435504444758438,0,0.05173124370759376,0,0,0,0,0.8705856709516296,0.061012516874059966,0,0,0,0.0488300786126728,0,0,0,0.29855756189647753,0.3650629686756966,0,0,1,"BRADY, KEVIN"
0,0,0,0,0,0,0,0,0,0,0,0,0,0,0,0,0,0,0,0,0,"BRANNON, MARY"
0,0,0,0,0,0,0,0,0,0,0,0,0,0,0,0,0,0,0,0,1,"BRECHEEN, JOSH"
0,0,0,0,0,0,0,0,0,0,1,0,0,0,0,0,0,0,0,0,1,"BRISCOE, JOHN"
0,0,0.6981346815030236,0,0,0,0,0,0,0,0,0,0.16612997902228588,0,0,0,0,0.5731484276268863,0,0.3956130387911332,1,"BROUN, PAUL"
0.17091990882656774,0,0,0,0,0,0,0,0,0,0,0,0,0,0,0.9852849256771962,0,0,0,0,0,"BROWN, ANTHONY"
0,0,0,0,0,0,0,0,0,0,0,0,0,0,0,0,0,0,0,0,1,"BROWN, JESSE"
0.06263563251238272,0,0.10142984474081522,0,0,0,0,0,0,0,0.9250686798686955,0,0.07522547070941002,0,0,0.3526724120457463,0,0,0,0,0,"BROWN, M SHONTEL"
0.5022275188985313,0.48798343577192477,0.3848598850929797,0,0.41114043411930407,0,0.3012802312797894,0,0.09741912009639127,0,0,0,0.04569514091521185,0,0,0.202387335281205,0,0.04079923296001058,0.21797380217744064,0,0,"BROWNLEY, JULIA"
0,0,0,0,0,0,0,0,0,0,0,0,0,0,0,0,0,0,0,0,1,"BRUCE, KALENA"
0,0,0,0,0,0,0,0,0,0,1,0,0,0,0,0,0,0,0,0,1,"BRYANT, ALEX L"
0,0,0,0,0,0,0,0.9377124552299261,0,0,0,0,0.2606175248651018,0,0,0.1792014881372306,0.08666650102086136,0.1146717109406448,0,0,1,"BUCK, KENNETH R"
0,0,0,0,0,0,0,0,0,0,0,0,0.9201546356285785,0,0,0,0,0.3915551640972674,0,0,1,"BUCSHON, LARRY D."
0,0,0,0,0,0,0,0,0,0,0,0,0,0,0,0,0,0,0,0,1,"BUDD, JOE"
0,0.19897904049088735,0.8775208130148856,0,0,0,0,0.19937337539253358,0,0,0.14366985022871637,0,0.1365343088818603,0,0,0,0.2680068394576768,0.17920128040744163,0,0.08597332780147171,1,"BURAU, JUSTIN"
0,0,0,0,0,0,0,0.9820004848220716,0,0,0,0,0,0,0,0,0.18887839423612318,0,0,0,1,"BURCHETT, TIM"
0.0800726640365015,0.022483965410875974,0.2593334674029253,0,0,0,0,0.8885249839791609,0.02078901299997575,0,0,0,0.012567326335950332,0,0,0,0.36845381973953933,0,0,0.002001816600912537,1,"BURGESS, MICHAEL C. DR."
0,0,0,0,0,0,0,0,0,0,0,0,0,0,0,0,0,0,0,0,1,"BURKE, ROBERT G."
1,0,0,0,0,0,0,0,0,0,0,0,0,0,0,0,0,0,0,0,1,"BURKS, TAYLOR"
0,0,0,0,0,0,0,0,0,0,0,0,0,0,0,0,0,0,0,0,1,"BURLISON, ERIC"
0,0,0,0,0,0.9943100661915437,0,0,0,0,0,0,0,0,0,0,0,0.014941115056471435,0,0.10547158551494959,1,"BURNS, ROBERT ANDREW MR."
0.48269618671219533,0.3815156228042072,0,0,0.7188630442981779,0,0,0,0,0,0,0,0,0,0,0.3235523828256863,0,0,0,0,0,"BUSH, CORI"
0,0,0.20437580128094113,0,0,0,0,0,0,0,0.7976319639886303,0,0.486338073140384,0,0.2923851235759306,0,0,0,0,0,0,"BUTLER, DARRIUS MAURICE"
0,0,0,0,0,0,0,0,0,0,0,0,0,0,0,0,0,0,0,0,0,"BUTTAR, SHAHID"
0,0,0,0,0,0,0,0,0,0,0,0,0,0,0,0,0,0,0,0,1,"CALVERT, KEN"
0,0,0.014588791966723191,0,0,0.08973457172568983,0,0.913499429173861,0,0,0,0.021478146098347885,0.20034714754376187,0,0,0,0.3400062855663874,0.02795541593633886,0,0.016358389028862913,1,"CAMMACK, KAT"
0,0.25843681196632623,0,0,0,0,0,0,0.6427053900272625,0,0.5556832647072745,0,0,0,0,0,0,0.45973503801086507,0,0,0,"CAMPBELL, HEIDI"
0.11593303985582548,0,0.5945027493763658,0,0,0,0,0,0.7057773737397679,0,0.36742932649793364,0,0,0,0,0,0,0,0,0,0,"CANNING, DOYLE"
0,0,0,0,0,0,0,0,0,0,0,0,0,0,0,0,0,0,0,0,1,"CARACAMO, RAFAEL DR."
0.05808150720714895,0.6400095835612762,0.7454734491787148,0,0.1295392910580964,0,0.044213981657343734,0,0.07189893816943098,0,0,0,0.07985530853113207,0,0,0.025474136001226146,0,0.01878948436026637,0,0,0,"CARBAJAL, SALUD O."
0,0,0,0,0,0,0,0.876790506412316,0,0,0,0,0.0974400169039507,0,0,0.05497111131274028,0.4159842459831878,0.1211416426373441,0,0.17607906577716537,1,"CAREY, MIKE"
0,0,0,0,0,0,0,0,0,0,0,0,0,0,0,0,1,0,0,0,1,"CARLSON, ERIC JOSEPH MR."
0,0,0,0,0,0,0,0,0,0,0,0,0,0,0,0,0,0,0,0,1,"CARPIO, MONICA"
0,0,0,0,0,0,0,0,0,0,0,0,0,0,0,0,0,0,0,0,1,"CARROLL, MARK JOSEPH"
0,0,0.3221987159192747,0,0,0,0,0.7826647741732963,0,0,0.007072021518855943,0,0.08983793705521077,0,0,0,0.5183109664496979,0.05710038372153226,0,0.059968813081204,1,"CARTER, EARL LEROY"
0,0,0.2616537955723983,0,0,0,0,0.47811992664068464,0,0,0,0,0.15171620064735344,0,0,0,0.8245731146919574,0,0,0,1,"CARTER, JOHN R REP."
0.5746076422939175,0.08560970514564491,0.0867987502879492,0,0.22309419054363605,0,0.644775948850543,0,0.13841297826140472,0,0.28099914661725495,0,0.06885743110383465,0,0,0.2823194394416787,0,0.02536852724878119,0.07904507479812073,0,0,"CARTER, TROY A. SR."
0.16899438705392844,0.8767227712818455,0.40767949703224776,0,0.16097639960830362,0,0.10032173724692692,0,0.013149568919395418,0,0,0,0,0,0,0.01957879827317828,0,0,0.007836737841723338,0,0,"CARTWRIGHT, MATTHEW A."
0.17310629460612484,0,0.4915791260593956,0,0,0,0.06629698099480309,0,0.2048378472489318,0,0,0,0,0,0,0,0,0.8258512821542487,0,0,0,"CASAR, GREG"
0.17177599191950207,0.9597280982522293,0.10698759139370409,0,0,0,0,0,0,0,0,0,0,0,0,0.19485543696033764,0,0,0,0,0,"CASE, EDWARD"
0.0014352654853264377,0,0.0038220445111370872,0,0,0,0,0,8.680503292974803e-4,0.005272099060055891,0.0010310660626945572,0,0,0.9999760130170511,0,7.268911464233978e-4,0,0.001079523703330664,0,0,0,"CASTELLI, MATT"
0.6138073478682321,0.1914495189677298,0.05577237142651708,0,0.3469843929387183,0,0,0,0.6735346276911917,0,0,0,0.07552520586632586,0,0,0.061040507961029694,0,0,0,0,0,"CASTEN, SEAN"
0.1268805247939811,0.07917190286843603,0.09131807364294996,0,0,0,0,0.9305268831770919,0,0,0,0,0,0,0,0,0.10663741974668667,0.08658162747492297,0,0.2907678693195401,1,"CASTILLO, JOSE"
0,0,0,0,0.034820928358711194,0,0,0,0.9993935675939872,0,0,0,0,0,0,0,0,0,0,0,0,"CASTRO, JOAQUIN"
0,0,0,0,0,0,0,0,0,0,0,0,0,0,0,0,0,0,0,0,1,"CATALA, RYAN JOSHUA"
0,0,0,0,0,0,0,0,0,0,0,0,0,0,0,0,0,0,0,0,1,"CAVALERI, VINCENT"
0,0,0,1,0,0,0,0,0,0,0,0,0,0,0,0,0,0,0,0,0,"CAVALIER, CRYSTAL ANN"
0,0,0.5086013768421529,0,0,0,0,0.6354480812203053,0,0,0,0,0.11607454651002935,0,0,0.036329560230179664,0.5676435797458655,0.022759715001966538,0,0,1,"CHABOT, STEVE"
0,0,0,0,0,0,0,0,0,0,0,0,0,0,0,0,0,1,0,0,1,"CHENEY, ELIZABETH MRS."
0.0215217629125124,0.3453253215000648,0.09625667039203073,0,0.11825260090380585,0,0.6627243684394907,0,0.11450507314977382,0,0,0,0.09063466384571614,0,0,0,0,0.1007051820507957,0.6215842948093792,0,0,"CHERFILUS-MCCORMICK, SHEILA"
0,0,0,0,0,0,0,0,0,0,0,0,0,0,0,0,0,0,0,1,1,"CHESS, STEVEN"
0,0,0,0,0,0,0,0,0,0,0,0,0,0,0,0,0,0,0,0,0,"CHIMA, HARPREET SINGH"
0,0,0,0,0,0,0,0,0,0,0,0,0,0,0,0,0,0,0,0,1,"CHRISTENSEN, FLINT LANDEN"
0,0,0,0,0,0,0,0,1,0,0,0,0,0,0,0,0,0,0,0,0,"CHRISTIAN, ROBERT FRANKLIN MR. III"
0.6684815115918112,0.36816212494610434,0,0,0.5975897633546754,0,0.014832269961840946,0,0.20260481268058997,0,0.008538576414031268,0,0.12593319634304248,0,0,0.023702214439012506,0,0,0.05208660670052147,0,0,"CHU, JUDY"
0,0,0,0,0,0,0,0,0.9970149737134621,0,0.0772084334198295,0,0,0,0,0,0,0,0,0,1,"CIARROCCHI, GUY"
0,0,0,0,0,0,0,0,0,0,0,0,0,0,0,0,0,0,0,0,1,"CISCOMANI, JUAN"
0.06167068917540431,0.008450896156962328,0,0.9979818317422513,0.002818743645793322,0,0.0018797049576295942,0,0.0031755696175866095,0,0,0,0,0,0,0,0,0.011662294555155635,0,0,0,"CLARK, BEN"
0,0,0,0,0,0,0,0,0,0,0,0,0,0,0,0,0,0.22290060673113882,0,0.9748411765610284,1,"CLARK, DREW-MONTEZ DR."
0.5241716216329582,0.6883632821070078,0.2685604505242135,0,0.24616719246977634,0,0.21322354116206024,0,0.14897174604213445,0,0,0,0.029438614566318133,0,0,0.03485564062697172,0,0.06869010065474232,0.2102863843041963,0,0,"CLARK, KATHERINE"
0.7965657756159455,0.29734345734221895,0.2806967999733109,0,0.07851516742157766,0,0.05388950881476036,0,0,0,0,0,0.07613152328835082,0,0,0.40877298158951103,0,0.12774611534824967,0,0,0,"CLARKE, YVETTE D"
0,0,0,0.9966354396090484,0,0,0,0,0,0,0,0,0,0,0,0.08196218954663662,0,0,0,0,0,"CLICK, NATHAN"
0,0,0,0,0,0,0,0.34177832013613296,0,0,0,0,0.0893962585807682,0,0,0.06319882051265582,0.9333819142893721,0,0,0,1,"CLINE, BENJAMIN LEE"
0,0,0,0,0,0,0,0.8865558551821089,0,0,0.46262156850099373,0,0,0,0,0,0,0,0,0,1,"CLOUD, MICHAEL"
0.5629669718652526,0.3973704900913263,0.04321267538755546,0,0.17381824885871638,0,0.21476389215319366,0,0.2506151378892092,0,0.0036830323181199945,0,0,0,0,0.2137785440983135,0,0.05498089378080874,0.5791507206299434,0,0,"CLYBURN, JAMES E."
0.01776062272693907,0,0.022369589417479834,0,0,0,0,0.994840991747514,0,0,0,0,0.06786986647253246,0,0,0,0.0552299404494933,0.030703034832812302,0,0.02960103787823179,1,"CLYDE, ANDREW"
0.12835249582269753,0.4046672582958298,0,0,0,0,0,0,0.7547739409551656,0,0,0,0,0,0,0.3531962259889947,0,0.35403216080119043,0,0,0,"COHEN, STEVE I MR."
0,0,0,0,0,0,0,0,0,0,0,0,0,0,0,0,0,0,0,0,0,"COHN, ALAN"
0,0,0.46007352754312714,0,0,0,0,0,0,0,0,0,0.8690000075443857,0,0,0.11762349073104661,0.13905412820238242,0,0,0,1,"COLE, TOM"
0.8114563443339614,0,0,0,0.4701028956846039,0,0.06324196801186702,0,0.09834214443249495,0,0,0,0.05309535605394157,0,0,0.12655273196035524,0,0.29670934265437937,0,0,0,"COLEMAN, BONNIE WATSON"
0,0,0,0,0,0,0,0,0,0,0,0,0,0,0,0,0,0.12413662830439397,0,0.9922651346858947,1,"COLLINS, CHRISTIAN"
0,0,0,0,0,0,0,0.9888743815869754,0,0,0.09828824869187226,0,0,0,0,0,0,0.07162672702499713,0.08565331041908347,0,1,"COLLINS, JOE E III"
0.8672497954991338,0,0,0,0,0,0,0,0,0,0,0,0,0,0,0.21763688190607947,0,0.44778564050325453,0,0,0,"COLLINS, KINA ISIS"
0,0,0,0,0,0,0,0,0,0,0,0,0,0,0,0,0,0,0,0,1,"COLLINS, MICHAEL A JR"
0.06318058920441919,0,0.21280964142783687,0,0,0,0,0.9702335143416274,0,0,0,0,0.030351985743327193,0,0,0,0.025488223747905187,0.08829668579877001,0,0,1,"COMER, JAMES"
0.5587560636584646,0.3310034635489743,0.10499071426176403,0,0.29470544698920986,0,0.1704150385968131,0,0.04305817967499315,0,0,0,0.6235746480080983,0,0,0.0711143347258055,0,0.07722286662638987,0.22269432926858165,0,0,"CONNOLLY, GERALD EDWARD"
0,0,0,0,0,0,0,0,0,0,0.6054522595342603,0,0.5488838794889445,0,0,0,0,0.5763280734633917,0,0,0,"CONOLE, FRANCIS"
0,0,0,0,0,0,0,0,0,0,0,0,0,0,0,0,0,0,0,0,0,"CONYERS, JOHN"
0,0,0,0,0,0,0,0,0,0,0,0,0,0,0,0,0,1,0,0,0,"COOKE, REBECCA"
0.04217923845110924,0.383030268526902,0.9029627255182626,0,0.17153852968771735,0,0.04557081109990809,0,0.04370703754789325,0,0,0,0.023515969021484964,0,0,0.04692088701809642,0,0,0,0,0,"COOPER, JAMES"
0,0,0,0,0,0,0,0,0,0,0,0,0,0,0,0,0,0,0.9827743533057336,0.18480955192981008,1,"COOPER, KELLY"
0,0,0,0,0,0,0,0,0,0,0,0,0,0,0,0,0,1,0,0,0,"COOPER, RANDAL DEAN"
0.23648976402745392,0.14032761101193408,0.3323828469194311,0,0.5668653812034874,0,0,0,0.15339785888181437,0,0,0,0.6771767518941075,0,0,0,0,0.10230727906313854,0,0,0,"CORREA, LOU"
0.17762617936992617,0.43324473311489703,0.7735164516730941,0,0.1677168959775792,0,0.1871825990572962,0,0.34354227282471544,0,0,0,0.018002468955690392,0,0,0.03014259327662519,0,0,0,0,0,"COSTA, JIM"
0,0,0,0,0,0,0,0,0,0,0,0,0,0,0,0,0,0,0,1,1,"COURSER, AMY RYAN"
0.063132701075584,0.990478642404458,0.033753704922000596,0,0.04274761265173909,0,0.005607862843426026,0,0.09560038210016479,0,0,0,0.009847071513952416,0,0,0.04916948243565268,0,0.01772472872511435,0,0,0,"COURTNEY, JOSEPH"
0,0,0,0,0,0,0,0,0,0,0,0,0,0,0,0,0,0,0,1,1,"CRANE, ELI"
0,0,0.07527031707403456,0,0,0,0,0.9922453784738917,0,0,0,0,0,0,0,0.08855036296937688,0,0.04407177648755719,0,0,1,"CRAWFORD, ERIC ALAN RICK"
0,0,0,0,0,0,0,0,0,0,0,0,0,0,0,0,1,0,0,0,1,"CRENSHAW, DANIEL"
0,0,0,0,0,0,0,0,0,0,0,0,0,0,0,0,0,0,0,0,0,"CROOM, GEORGE"
0,0,0,0,0,0,0,0,0,0,0,0,0,0,0,0,1,0,0,0,1,"CRUZ, ROBERT 'ROB'"
0.4999373125327216,0.7875387137923475,0.2787705190918705,0,0.17315586200781552,0,0.14174165066780745,0,0,0,0.03961157886128149,0,0,0,0,0.022129849514082776,0,0,0,0,0,"CUELLAR, HENRY R."
0,0,0,0,0,0,0,0,0,0,0,0,0,0,0,0,0,0,0,1,1,"CULP, LOREN"
0,0,0,0,0,0,0,0,0,0,0,0,0,0,0,0,0,0,0,0,1,"CURRY, DAVID"
0,0.26172626767111395,0.9651421453915211,0,0,0,0,0,0,0,0,0,0,0,0,0,0,0,0,0,1,"CURTIS, JOHN"
0.3347182586768062,0,0,0,0,0,0,0,0.4794584546297511,0,0.8112233216521931,0,0,0,0,0,0,0,0,0,0,"DARLING, KATIE DARLING"
0,0,0,0,0,0,0,0,0,0.09965318721963876,0.015897077022668144,0,0,0,0,0,0.9948952332879593,0,0,0,1,"DASHEVSKY, YURI MR"
0,0.9120172384017724,0.016176497393131043,0,0.38421215271873693,0,0.045475457932622344,0,0.02912920291624362,0,0.009497909927353998,0,0.017528527833914124,0,0,0.12770095912186355,0,0.02687707601200166,0,0,0,"DAVIDS, SHARICE"
0,0,0,0,0,0,0,0,0,0,0,0,0,0,0,0,1,0,0,0,1,"DAVIS, CICELY"
0.07769168956442545,0,0,0,0.08358520632355439,0,0,0,0,0,0,0,0,0,0,0.9934674200276896,0,0,0,0,0,"DAVIS, DANNY K. MR."
0,0,0,0,0,0,0,0.36859873229615375,0,0,0,0,0,0,0,0.6641583850421396,0.5412886788701109,0.3606039104820347,0,0,1,"DAVIS, RODNEY L"
0.10712624957571826,0,0,0,0,0,0,0.10693175223796822,0,0,0.17713969965453902,0,0,0,0,0,0.08455445172109406,0,0,0.9687939092064956,1,"DE LA CRUZ, MONICA"
0,0,0,0.9971759550761268,0,0,0,0,0,0,0.0143126284362259,0,0.06521173093847958,0,0.033719418412720095,0,0,0.0067597525972814205,0,0,0,"DEAN, KATIE"
0.7479833356221955,0.5015019256741119,0,0,0.3055242918605042,0,0.0682694587246479,0,0.21428585079519286,0,0,0,0.08391395844282278,0,0,0.16559173623703366,0,0,0.10310351537495518,0,0,"DEAN, MADELEINE"
0,0,0,0,0,0,0,0,0,0,0,0,1,0,0,0,0,0,0,0,1,"DEERING, REGAN"
0.9543058246105948,0.11300180864844096,0.12937963245172274,0,0.2414197826013973,0,0.02683216468342501,0,0.02543200988535826,0,0,0,0,0,0,0.011900900949834082,0,0,0,0,0,"DEFAZIO, PETER A"
0.3554138971228854,0.32841418254490407,0,0,0.31728972405399974,0,0,0,0.046938609786820115,0,0.05112835967936314,0,0.13760558415346563,0,0,0.8008743212281088,0,0,0,0,0,"DEGETTE, DIANA L"
0.9519877502764152,0,0.3061361189465391,0,0,0,0,0,0,0,0,0,0,0,0,0,0,0,0,0,0,"DEITCH, DOUGLAS"
0.2983537508744877,0.49407575259224895,0.44168743930933646,0,0.6793018157440547,0,0.038752555557392744,0,0.0812116412084438,0,0,0,0.026779853275676856,0,0,0.0088943101884917,0,0.03797470997288604,0,0,0,"DELBENE, SUZAN K"
0,0.15041785104498925,0,0,0.034921238378172646,0,0.004234099439945309,0,0,0.9879659716059513,0,0,0.0028500163263850287,0.0017837914750217702,0,0.006998860099789609,0,0,0,0,0,"DELGADO, ANTONIO"
0,0.03679379257164256,0,0,0,0,0,0,0.03790037073254288,0.04806116816303575,0.9667495270300074,0,0,0,0,0,0,0.2455509210501804,0,0,0,"DELLA PIA, MAX"
0.9382653665875643,0,0,0,0,0,0,0,0,0,0.34591632205246337,0,0,0,0,0,0,0,0,0,0,"DELUZIO, CHRISTOPHER"
0,0,0,0,0,0,0,0,0,0,0,0,0,0,0,0,0.16919255447127915,0,0,0.9855830150278987,1,"DELUZIO, MARK"
0,0,0,0,0,0,0,0,0,0,0,0,0,0,0,0,0,0,0,0,1,"DENNIS, JOHN MR."
0.8165196855016575,0.40690132906855275,0.11386287095928291,0,0.14165057952171653,0,0.09844209758521236,0,0.1560803838894558,0,0.1102422540478298,0,0.06177146888604517,0,0,0.23784093055917144,0,0.16091086339451272,0.04707075061042405,0,0,"DESAULNIER, MARK"
0,0,0.999618051333235,0,0,0,0,0,0,0,0.009466424057338519,0,0,0,0,0,0.0020082788330055444,0,0,0.02588638793731973,1,"DESPOSITO, ANTHONY P"
0,0,0,0,0,0,0,0,0,0,0,0,0,0,0,0,0,0,0,0,0,"DHAHIR, ADNAN"
0,0,0.23129636961809175,0,0,0,0,0.3850533521437213,0,0,0.28395369321452757,0,0.24455227007387997,0,0,0,0.8053837476174861,0.09569436655064868,0,0,1,"DIAZ-BALART, MARIO"
0,0,0,0,0,0,0,0,0,0,1,0,0,0,0,0,0,0,0,0,0,"DIEMER, MATTHEW"
0.7629463145331112,0.5181671052999354,0.010467896549417134,0,0.22304937643369638,0,0.022741077830612196,0,0.29825279871531885,0,0.008410517592976955,0,0.0930507802923067,0,0,0.015735529197530896,0,0,0.03326395916100328,0,0,"DINGELL, DEBBIE"
0,0,0,0,0,0,0,0,0,0,0,0,0,0,0,0,0,0,0,0,0,"DIXON, ARTHUR"
0.014133749842288984,0.07173020778021151,0,0,0,0,0,0.006009000763332995,0.05061380490786575,0,0.15678049735996366,0,0,0,0.951609223260554,0,0,0.17746225756921166,0.17436129784203083,0.0047112499474296615,0,"DODGE, DANELLE"
0.9773330064463914,0.07796551532521975,0.029805220438700375,0,0.18846993448092336,0,0,0,0,0,0.0024999875896842146,0,0,0,0,0,0,0.048229198873080616,0,0,0,"DOGGETT, LLOYD"
0,0,0.027325373795553047,0,0,0,0,0.3761015439387271,0,0,0,0,0.05941584782566671,0,0,0.9026002391699288,0.1518888699388062,0.1285040429717908,0,0,1,"DONALDS, BYRON"
0,0,0,0,0,0,0,0.9826795159324848,0,0,0,0,0,0,0,0.11593461641475389,0.08721843848525829,0.03433447939331169,0,0.11006462281970891,1,"DORILAS, ROD MR."
0,0,0,0,0,0,0,0,0,0,0,0,0,0,0,0,0,0,0,0,0,"DORRIS, DALE WILLIAM MR. II"
0.27091704812595874,0.8902631675748426,0.21498532706927134,0,0.21193487519836862,0,0.17585278398274065,0,0.09701701793981551,0,0,0,0,0,0,0.025166882821520208,0,0.04179676036820034,0.01219969338459012,0.005889501046216494,0,"DOYLE, MICHAEL"
0,0,0,0,0,0,0,0,0,0,0,0,0,0,0,0,0,0,0,0,1,"DUKE, BRADY"
0.10282189790188513,0,0,0,0,0,0,0.5355087401402935,0,0,0,0,0,0,0,0,0.8382470080741177,0,0,0,1,"DUNCAN, JEFFREY D MR."
0,0,0.9073580462571775,0,0,0,0,0,0,0,0,0,0.23317301327710602,0,0,0,0,0.34975951991565907,0,0,1,"DUNN, NEAL PATRICK MD, FACS"
0,0,0,0,0,0,0,0,0,0,0,0,0,0,0,0,0,0,0,0,1,"EARHART, ERIC JASON PASTOR"
0,0,0,0.9999841446655823,0,0,0,0,0,0,0,0,0,0,0,0,0,0,0,0.005631200355493034,1,"EDWARDS, CHUCK"
0.5138948796180053,0.5002360722674759,0,0,0,0,0,0,0,0,0,0,0.5610803404302085,0,0,0.4133579275730971,0,0,0,0,0,"EDWARDS, DONNA F"
0,0,0,0,0.311538865874741,0,0,0,0,0,0.10963156866429455,0,0.37767635539585226,0,0,0.42157716621778196,0,0.7553527107917045,0,0,0,"EHASZ, ASHLEY"
0,0,0,0,0,0,0,0,0,0,0,0,0,0,0,0,0,0,0,0,1,"ELIZONDO, DARIAN J"
0,0,0,0,0,0,0,0,0,0,0,0,0,0,0,0,1,0,0,0,1,"ELLER, RON"
0,0,0,0,0,0,0,0,0,0,0,0,0,0,0,0,0,0,0,1,1,"ELLIS, JAMESON"
0,0,0,0,0,0,0,0,0,0,0.3482465595345748,0,0,0,0,0.9374029729909821,0,0,0,0,1,"ELLIS, THERESA COATES MS"
0,0,0,0,0,0,0,0,0,0,0,0,0,0,0,0,0,0,0,0,0,"ELLISON, ALLEN"
0,0,0.0314679727085877,0.9980841303598021,0,0,0,0,0,0,0,0,0,0,0,0,0,0,0,0.05327133767354757,1,"ELLMERS, RENEE JACISIN"
0,0,0,0,0,0,0,0,0,0.22197006118015306,0,0,0.4574418798707773,0,0,0.8425140475584274,0,0.1778940643941912,0,0,1,"EMMER, THOMAS EARL JR."
0,0,0,0,0,0,0,0,0,0,0,0,0,0,0,0,0,0,0,0,0,"ENGDAHL, ANDREW DAVID"
0.31807408955050653,0.7597297011078106,0.08693291277684297,0,0.41764584679488875,0,0.14603570377708866,0,0.27106324750066796,0,0,0,0,0,0,0.20510938308316043,0,0.05275130510551277,0,0,0,"ESHOO, ANNA G"
0,0.14939927847366544,0,0,0,0,0.10338343160463292,0,0.8204440298746228,0,0.02398570110774087,0,0,0,0,0,0,0,0.5415607091053204,0,0,"ESPAILLAT, ADRIANO"
0,0,0,0,0,0,0,0,0,0,0,0,0,0,0,0,0,0,0,0,0,"ESRATI, DAVID"
0,0,0,0,0,0,0,0,0,0,0,0,0.22465363473548589,0,0,0,0.974438681703541,0,0,0,1,"ESTES, RON"
0.5197228254824765,0.2561565150438505,0,0,0.4447230627944653,0,0.1397617605615952,0,0.4523322102761683,0,0.09174110550393061,0,0.05027979530190652,0,0,0,0,0.459700985617431,0.14172564796425527,0,0,"EVANS, DWIGHT"
0,0,0,0,0,0,0,0.6444845248497314,0.09047487064718372,0,0,0,0,0,0,0,0.03185094376839459,0.7585772949354955,0,0,1,"EVANS, JERRY"
0,0,0,0,0,0,0,0,0,0,0,0,0,0,0,0,0,0,0,0,1,"EZELL, WALTER MICHAEL"
0,0,0,0,0,0,0,0.9980212259572724,0,0,0,0,0,0,0,0,0,0,0,0.06287791773542598,1,"FALLON, PATRICK"
0,0,0.0014671254604315073,0,0,0,0,0.0064999737228216125,0,0,0,0.9999511936289186,0.007122069680555244,0,0,0,0.001576187822623774,0,0,0,1,"FEENSTRA, RANDALL"
0,0,0.9123211818294614,0,0,0,0,0,0.28482451837154116,0,0,0,0,0,0,0,0.1754727792792952,0,0,0.23612360884018813,1,"FEHER, BRENT"
0.5277726392888419,0,0.10995569692853094,0,0,0,0,0.7617243596254859,0,0,0,0,0.2881161730411196,0,0,0,0.2147809505434178,0,0,0,1,"FERGUSON, ANDERSON DREW IV"
0,0,0,0,0,0,0,0,0,0,0.07188293744669168,0,0,0,0,0,0.03191816573604182,0,0,0.9969022389382429,1,"FIGLIOLA, ANTHONY M"
0,0,0,0,0,0,0,0,0,0,0,0,0,0,0,0,0,1,0,0,1,"FINSTAD, BRAD"
0,0,0,0,0,0,0,0,0,0,0,0,0,0,0,0,0.6171328751416724,0.7868589545905752,0,0,1,"FISCHBACH, MICHELLE"
0,0,0.9791433123920427,0,0,0,0,0.18992285221519112,0,0,0,0,0.05911928565053323,0,0,0,0,0.04138349995537327,0,0,1,"FITZGERALD, SCOTT"
0,0,0.4180298518319002,0,0,0,0,0,0,0,0,0,0,0,0,0.9084332903286844,0,0,0,0,1,"FITZPATRICK, BRIAN"
0.07123847715168356,0,0.24903321727564054,0,0,0,0,0.8350620646470501,0,0,0.01935238211382284,0,0.20370832754318483,0,0,0.0955026356777228,0.42424128093585656,0.04074166550863697,0,0.05427693497271128,1,"FLEISCHMANN, CHARLES J"
0,0.3928002272764745,0.33979630508256675,0,0,0,0,0,0,0,0.4227687938381665,0,0,0,0,0.28130346979263243,0,0.6873000489910012,0,0,0,"FLEMING, BRIDGET"
0.10274762572606509,0.9018227976384741,0.030865759453658454,0,0.27387138753911217,0,0.2046237458245584,0,0.17789360359291873,0,0,0,0,0,0,0.1545127760441369,0,0.016583402336590454,0.050340006947276784,0,0,"FLETCHER, ELIZABETH"
0,0,0,0,0,0,0,0,0.88318504661962,0,0.16389223466571662,0,0,0,0,0,0,0,0.439458199199625,0,0,"FLOWERS, MARCUS"
0,0,0,0,0,0,0,0,0,0,0,0,0,0,0,0,0.7900412364090269,0,0,0.6130537046403814,1,"FORTE, TINA"
0.42336131376874525,0.34901722242236916,0.2024718902257102,0,0.519149303828339,0,0.2786744856708226,0,0.45630618175929777,0,0.009615282948112985,0,0.17465521002661466,0,0,0.24772984071224408,0,0.0692598246657265,0.07617490818015173,0,0,"FOSTER, G. WILLIAM (BILL)"
0,0,0,0.9937283238709003,0,0,0,0,0,0,0.032439628227336426,0,0,0,0,0.07877310048860296,0,0.07243264109927079,0,0,0,"FOUSHEE, VALERIE"
0,0,0.49278537442023845,0,0,0,0,0,0,0,0,0,0.4690580547505372,0,0,0,0,0.7329032105477145,0,0,0,"FOX, JOY"
0.009274782203652288,0,0,0.9973713454487981,0,0,0,0.06802016456130176,0,0,0,0,0,0,0,0,0,0,0,0.023186955509130722,1,"FOXX, VIRGINIA ANN"
0.013542982001802085,0,0.05360913082497011,0,0,0,0.28069462673719214,0,0,0,0.9407092119550969,0,0,0,0,0.1800448680857551,0,0.02834077046168343,0,0,0,"FRANCIS, QUANDA"
0.3526163027749343,0.34053471469127616,0.7942876123717769,0,0.2786716945934874,0,0.11727258231351301,0,0.09451495351248067,0,0,0,0.08249855996783415,0,0,0.026632059989539148,0,0.13207515938512415,0.059178246256528,0,0,"FRANKEL, LOIS J."
0,0,0,0,0,0,0,0,0,0,0,0,0.5547001962252291,0,0,0,0,0.8320502943378436,0,0,0,"FREMGEN, JAMES LUCAS"
0,0,0,0,0,0,0,0,0,0,1,0,0,0,0,0,0,0,0,0,0,"FROST, MAXWELL ALEJANDRO"
0,0,0,0,0,0,0,0.25101929443525767,0,0,0,0,0.30830307486228065,0,0,0,0.06040975895829362,0,0,0.9155813392999496,1,"FRY, RUSSELL"
0,0,0,0,0,0,0,0,0,0,0,0,0,0,0,0.658292629798135,0.7527621228206528,0,0,0,1,"FULCHER, RUSSELL"
0,0,0,0,0,0,0,0,0,0,0.0795942422291931,0,0.0754047170218667,0,0,0,0,0.9939712698336973,0,0,0,"FULFORD, ROBIN DAWN"
0,0,0,0,0,0,0,0,0,0,0,0,0,0,0,0,0,0,0,0,1,"FUNG, ALLAN"
0,0,0,0,0,0,0,0,0,0,0,0,0,0,0,1,0,0,0,0,0,"FYFE, MATTHEW JOHN"
0,0,0,0,0,0,0,0,0,0,0,0,0,0,0,0,0,0,0,0,1,"GALLAGHER, MICHAEL JOHN"
0.7945922408178104,0.3090096268319627,0.042011800430239485,0,0.3090540101757327,0,0.32262502313166497,0,0.04796485167077083,0,0,0,0.13438149666099408,0,0,0.2220248697704241,0,0.022726282523550467,0.03999253519021561,0,0,"GALLEGO, RUBEN"
0.5045571175101515,0.5880871609396807,0.5632866914201833,0,0.17778789688345797,0,0.10619687082222451,0,0.04033896032903952,0,0,0,0.02049805364371475,0,0,0.1856199361493299,0,0.05380739081475123,0,0,0,"GARAMENDI, JOHN"
0,0,0.1492551250720336,0,0,0,0,0.4747522417070904,0,0,0.12133943268345276,0,0.18578198986548747,0,0,0,0.7615301858867456,0,0,0.3509512600558665,1,"GARCIA HOLMES, MICHELLE"
0,0,0,0,0,0,0,1,0,0,0,0,0,0,0,0,0,0,0,0,1,"GARCIA, CASSANDRA"
0,0,0.782584997888213,0,0.6225437503343084,0,0,0,0,0,0,0,0,0,0,0,0,0,0,0,0,"GARCIA, CRISTINA"
0,0,0.6758934509533929,0,0,0,0,0,0,0,0.7369993507177015,0,0,0,0,0,0,0,0,0,0,"GARCIA, ERIC"
0.9066196797295842,0.05332463102562982,0.17150554896536024,0,0.2138892264255052,0,0.04825428353091364,0,0.19224931716111535,0,0,0,0.14504062019033295,0,0,0.12117466237683343,0,0.09420163991743276,0.1270912288386938,0,0,"GARCIA, JESUS"
0,0,0.9979909834555987,0,0,0,0,0.036443990839174184,0,0,0,0,0,0,0,0.05182501782962633,0,0,0,0,1,"GARCIA, MICHAEL"
0,0,0,0,0,0,0,0,1,0,0,0,0,0,0,0,0,0,0,0,0,"GARCIA, ROBERT"
0.5847180592816442,0.145051526707969,0.3842898711186861,0,0.4177415905261712,0,0.18710420150691767,0,0.19372667207513578,0,0.012024325679929344,0,0.010477663174156127,0,0,0.004188649127083007,0,0.03971765342761509,0.49039850728365886,0,0,"GARCIA, SYLVIA R"
0,0,0,0,0,0,0,0,1,0,0,0,0,0,0,0,0,0,0,0,0,"GASHI, VEDAT"
0,0,0,0.8875527692634114,0,0,0.01203128902963184,0,0,0,0.45544048411296717,0,0,0,0,0,0,0,0.06840537470170772,0,0,"GASKINS, BARBARA D MS."
0,0,0,0,0,0,0,0,0,0,0,0,0,0,0,0,0,1,0,0,0,"GAY, DERRIK"
0,0,0.014218799863219899,0.986424885836247,0,0,0,0,0.03234183751444594,0,0.06320978680168343,0,0,0,0,0.02522392099104486,0.14042340340770926,0.0369772946185202,0,0,1,"GEELS, COURTNEY JOELE"
0,0,0,0,0,0,0,0,0,0,0,0,0,0,0,0,0,0,0,0,1,"GEIST, TIMOTHY DAVID"
0,0,0,0,0,0,0,0,0,0,0,0,0,0,0,0,0,0,0,0,0,"GELLER, EDDIE"
0,0,0,0,0,0,0,0,0,0,0,0,0,0,0,0,0,0,0,1,1,"GIBBS, JOHN"
0,0,0,0,0,0,0,0,0,0,0.010480293442680724,0,0,0,0,0,0,0,0,0.9999450802165862,1,"GIBSON, COREY"
0,0,0,0,0,0,0,0,0,0,0,0,0,0,0,0,0,0,0,1,1,"GIGLIO, DAVID ANTHONY"
0,0,0.05600441865022717,0,0,0,0,0,0,0,0.09316730198232291,0,0,0,0,0,0.994074121448187,0,0,0,1,"GILBERT, MADISON GESIOTTO"
0,0,0,0,0,0,0,0,0,0,0,0,0,0,0,0,0,0,0,0,1,"GILES, DAVID VICTOR"
0,0,0,0,0,0,0,0,0,0,0.8173822865492291,0,0,0,0,0,0,0.29783020194646626,0.49313625748273776,0,0,"GILLEN, LAURA"
0,0,0.9669911392229181,0,0,0,0,0.2282222168490055,0,0,0,0,0.09939526813289616,0,0,0.025250438881142378,0.03799217038683235,0.029704333005233338,0,0,1,"GIMENEZ, CARLOS"
0,0,0.1782144897780188,0,0,0,0,0,0,0,0,0,0.21300578857523633,0,0,0,0.8778517790791299,0,0,0.3901850633150999,1,"GITAU, BENSON"
0,0,0,0,0,0,1,0,0,0,0,0,0,0,0,0,0,0,0,0,0,"GOLDEN, JARED"
0,0,0,0,0,0,0,0,0,0,0,0,0,0,0,0,0,0,0,0,1,"GONZALES, CAESAR"
0,0,0,0,0,0,0,0.9683826661131615,0,0,0,0,0.08221054562067705,0,0,0.23553436725946342,0,0,0,0,1,"GONZALES, ERNEST ANTHONY TONY II"
0,0,0,0,0,0,0,0.9192484022728061,0,0,0,0,0,0,0,0,0.2620148587181287,0.1372493635779199,0,0.2597945359842437,1,"GOOD, ROBERT G. HON."
0,0,0.4233914999234663,0,0,0,0,0,0.7624058913717829,0,0,0,0.4893637651013351,0,0,0,0,0,0,0,0,"GORDON, JACQUELINE"
0,0,0.9954403430186798,0,0,0,0,0,0,0,0,0,0,0,0,0,0,0,0,0.09538618081699679,1,"GORMAN, JEFF"
0,0,0,0,0,0,0,0,0,0,1,0,0,0,0,0,0,0,0,0,0,"GORMAN, MARY"
0,0,0,0,0,0,0,0,0,0,0.14505842295647497,0,0.1873951676367634,0,0,0.9715148506717588,0,0,0,0,0,"GOTTHEIMER, JOSH"
0,0,0,0,0,0,0,0,0,0,0,0,0,0,0,0,0,0,0,0,1,"GRAVES, GARRET"
0,0,0,0,0,0,0,0,0,0,0,0,0,0,0,0,0,0,0,0,1,"GRAVES, SAMUEL B. JR."
0.7647944172361005,0,0,0,0.4254301709155911,0,0,0,0,0,0,0,0.20875432359869323,0,0,0,0,0.4364863129790858,0,0,0,"GRAY, MOLLY"
0,0,0,0,0,0,0,0,0,0,0,0,0.08077365705550203,0,0,0,0,0.7067694992356427,0,0.7028175376839132,1,"GRAY, STEVEN SCOTT MR."
0,0,0,0,0,0,0,0,0,0,0,0,0,0,0,1,0,0,0,0,0,"GRAY, TERENCE R MR. I"
0.06982148564301927,0.152822286291422,0.9837738968288849,0,0.04173221468951569,0,0,0,0.02308014673320498,0,0,0,0,0,0,0,0,0.04104823939290103,0,0,0,"GRAYSON, ALAN MARK"
0.7719886965266928,0.5401486873820676,0.08880706092747802,0,0.17700246370953934,0,0,0,0.06344840784636094,0,0.056153358368521075,0,0.1312669737554014,0,0,0.22055920568278395,0,0,0,0,0,"GREEN, ALEXANDER"
0,0,0,0,0,0,0,0.33096667675456826,0,0,0,0,0,0,0,0.43483941115296837,0,0.5489219888327939,0,0.6325032771156422,1,"GREEN, JENNIFER-RUTH"
0,0,0,0,0,0,0,0,0,0,0,0,0,0,0,0,0,0,0,0,0,"GREEN, KAREN REV. DR."
0,0,0.052476246148290495,0,0,0,0,0.5762142647041684,0,0,0.02356138121316845,0,0.21540741897323926,0,0,0.07666400983941439,0.7267035028508708,0.2903317386161051,0,0,1,"GREEN, MARK DR."
0,0,0,0,0,0,0,1,0,0,0,0,0,0,0,0,0,0,0,0,1,"GRIFFITH, H MORGAN"
0.6049668745070773,0,0,0,0,0,0,0.7702367824276686,0,0,0.03957490326287122,0,0.050537586363547014,0,0,0,0.027141334415534072,0,0,0.18945581835097083,1,"GRIMES, DEMETRIES ANDREW CDR USN RET"
0,0,0.7627780062756435,0,0,0,0,0.6458274829311581,0,0,0,0,0,0,0,0,0.0328112089530262,0,0,0,1,"GROTHMAN, GLENN S."
0,0,0,0,0,0,0,0.10497316776886588,0,0,0,0,0.9734755700995515,0,0,0,0.15217718009220133,0.13478892509070714,0,0,1,"GUEST, MICHAEL PATRICK"
0.569917347758645,0,0,0,0,0,0,0,0,0,0,0,0.7605238074904794,0,0,0,0,0.31112337579155974,0,0,0,"GUNBY, PATRICIA WASHBURN"
0,0,0,0,0,0,0,0,0,0,0,0,0,0,0,0,0,0,0,0,1,"GUSTAFSON, CLAIRE H."
0,0,0,0,0,0,0,1,0,0,0,0,0,0,0,0,0,0,0,0,1,"HAGEMAN, HARRIET"
0,0,0,0,0,0,0,0,0,0,0,0,0.9947464177271594,0,0,0,0,0,0,0.10236974366961976,1,"HALE, MERRITT"
0,0,0,0,0,0,0,0,0,0.19220098414545772,0,0,0.04864299560572705,0,0,0,0,0,0,0.9801492950933642,1,"HAMDAN, BENINE"
0,0,0,0,0,0,0,0,0,0,0.810124902287969,0,0,0,0.554088777308191,0,0,0.19152876952046283,0,0,0,"HAMILTON, JANE HOPE"
0,0,0,0,0,0.9998901966853599,0,0,0.014818723714010627,0,0,0,0,0,0,0,0,0,0,0,1,"HANSEL, GEORGE"
0,0,0,0,0,0,0,0,0,0,0,0,0.6303238797004947,0,0,0,0.7763322785246766,0,0,0,1,"HARBIN, BLAKE"
0,0,0,0,0,0,0.8749086742870714,0,0,0,0.3669549127735213,0,0,0,0,0,0,0.31603623787252094,0,0,0,"HARDER, JOSH"
0.16166846022041279,0.2824616230164622,0.4654221719250112,0,0,0,0.15078481711648248,0,0,0,0.6421825278557272,0,0,0,0.4319228647177083,0.11559119677518163,0,0.20593153323271948,0,0,0,"HARMAN, MATTHEW S"
0,0,0,0,0,0,0,0,0,0,0,0,0,0,0,0,0,0,0,0,0,"HARMON, MARK DESMOND DR."
0,0,0,0,0,0,0,0,0,0,0,0,0,0,0,0,0,0,0,0,1,"HARRIS, ANDREW P"
0,0,0,0,0,0,0,0,0,0,0,0,0,0,0,0,0,0,0,0,0,"HARRIS, KEVIN COREY"
0,0,0,0,0,0,0,0,0,0,1,0,0,0,0,0,0,0,0,0,0,"HARRIS-TILL, JOSHUA"
0.7523449489055564,0,0,0,0,0,0,0,0,0,0,0,0,0,0.6566271090447501,0.05308406092067258,0,0,0,0,0,"HARSHAW, RONALD"
0,0,0,0,0,0,0,0.9999780716146679,0,0,0,0,0,0,0,0,0.00662240815793127,0,0,0,1,"HARSHBARGER, DIANA"
0,0,0,0,0,0,0,0.9338340863149849,0,0,0,0,0.17564275989443084,0,0,0,0.02682816526011848,0.3097951040657678,0,0.020267293321520316,1,"HARTZLER, VICKY"
0.7749183498996428,0,0,0,0,0,0,0,0,0,0.5634277379727402,0,0,0,0.11023492892418484,0,0,0,0.26438418166905514,0,0,"HARVEY-HALL, PHYLLIS"
0,0,0,0,0,0,0,0,0,0,0.41287215561059826,0,0,0,0,0,0,0.9107889893501447,0,0,0,"HATHAWAY, QUINTESSA DR."
0,0,0.2435760370506225,0,0,0,0,0,0,0,0.6946387266215907,0,0,0,0,0,0,0,0,0.6768661268317752,1,"HAWKINS, BRIAN"
0.4361346311259604,0.7982852546791921,0,0,0.1290972422828312,0,0.08967674551623758,0,0.3123648483904164,0,0,0,0,0,0,0.18097365818603678,0,0.1322722781832215,0,0,0,"HAYES, JAHANA"
0,0,0,0,0,0,0,0.7476319793832965,0,0,0.09136498116216048,0,0.3567151869248972,0,0,0.11594049784495733,0.513645749526444,0.16786597031759867,0,0,1,"HAYSLETT, KEVIN"
0,0,0,0,0,0,0,0,0,0,0,0,0,0,0,0,0.4108196140021321,0.9117166471832897,0,0,1,"HEALEY, ROBERT JR"
0,0,0.9757244480471334,0,0,0,0,0.1866379211991533,0,0,0.1145778680792051,0,0,0,0,0,0,0,0,0,1,"HEINES, MATTHEW"
0,0,0,0,0,0,0,0,0,0,0,0,0,0,0,0.5397455376116194,0,0,0,0.8418282215680014,1,"HENLEY, JOHN ALLEN"
0,0,0,0,0,0,0,0.3153293666919169,0,0,0,0,0.43863414080077084,0,0,0,0.841526874808906,0,0,0,1,"HERN, KEVIN"
0,0,0,0,0,0,0,0,0,0,0,0,0,0,0,0,0,0,0,0,1,"HERRERA BEUTLER, JAIME"
0.008365178764633933,0.006833153080296635,0.005746899672248316,0.7122010012263927,0.013738243138731641,0,0.006304669574829814,0,0,0,0.05663918513859801,0,0,0,0,0,0,0,0.6994165806751701,0,0,"HESS, ROBERTO LUIS MR."
0.15389016318467102,0.9068656570149676,0.08223734736674759,0,0.2678456381833296,0,0.08478911358308291,0,0.22741642942304555,0,0.001788335030643854,0,0.04228509576095102,0,0,0.10246525004083318,0,0,0.06488797670366174,0,0,"HIGGINS, BRIAN"
0,0,0.27872667839502546,0,0,0,0,0.9001890200327317,0.15899048597148194,0,0,0,0.009220628680295646,0,0,0.03719977371119871,0.2774230145735541,0.0908890541343428,0,0,1,"HILL, JAMES FRENCH"
1,0,0,0,0,0,0,0,0,0,0,0,0,0,0,0,0,0,0,0,0,"HILL, NATASHA"
0.4363550728945356,0,0,0,0,0,0,0,0.38605749176191073,0,0,0,0,0,0,0.25807925810877963,0,0.770680841819575,0,0,0,"HIMES, JIM"
0.5627628445148527,0,0.6750499989703851,0,0,0,0,0,0,0,0,0,0.2730823675383894,0,0,0.391192408238277,0,0,0,0,0,"HODGE, JEVIN D"
0.2736397815173768,0,0.5514409853702292,0,0,0,0,0,0,0,0.12526988277630816,0,0.02987651908171266,0,0,0.6399368338810695,0,0.44150855976308717,0,0,0,"HOLLIER, ADAM"
0,0,0,0,0,0,0.9747328167771221,0,0,0,0.21576517453271682,0,0.0043048399766737145,0,0,0.023492241835631547,0,0.05213639527304833,0.007259791377689036,0,0,"HOLLOWAY, LASHONDA J"
0.5891643176064161,0.3460059876593545,0.4396209856661403,0,0.488080244894356,0,0,0,0,0,0,0,0.01576620010920907,0,0,0,0,0.31847724220602325,0,0,0,"HOLMAN LEAK, BARRETT"
0,0,0,0,0,0,0,0,0,0,0,0,0,0,0,1,0,0,0,0,0,"HOLNESS, DALE V.C. MR."
0,0,0,0,0,0,0,0,0,0,0.6986110955339193,0,0,0,0,0,0,0.7155015983188976,0,0,0,"HOLTZMAN, ELIZABETH"
0,0,0,0,0,0,0,0,0,0,0,0,0,0,0,0,0,0,0,0,1,"HOOPER, JAMES D"
0.30730941298752135,0.6587468706745951,0.6056875497731408,0,0.21182961751427173,0,0.0462682466504978,0,0.23062642576284773,0,0.0036572593439536255,0,0.0047996616010916706,0,0,0.029098305301240114,0,0.006449545276466933,0.06025173066336602,0,0,"HORSFORD, STEVEN ALEXZANDER"
0.15575753726892183,0.8910032911572999,0,0,0.3172815232232091,0,0.05089603372388256,0,0,0.03122371856379081,0.1601014211359058,0,0.052090169596883736,0,0,0.22197743597897132,0,0,0,0,0,"HOULAHAN, CHRISSY"
0,0.24841652504897385,0.9164662776593937,0,0,0,0,0,0.3074952850721879,0,0.06185015484298733,0,0,0,0,0,0,0,0,0,0,"HOULAHAN, STEPHEN WILLIAM"
0,0,0,0,0,0,0,0,0,0,0,0,0,0,0,0,0,0,0,1,1,"HOWARD, TAFFY"
0,0,0,0,1,0,0,0,0,0,0,0,0,0,0,0,0,0,0,0,0,"HOYLE, VALERIE"
0.003415185855827035,0,0.008479987525874508,0.42463336838422744,0,0,0,0.8777190152680518,0,0,0.0030306722166610024,0,0,0,0,0,0.22181765942907397,0,0,0,1,"HUDSON, RICHARD L. JR."
0.0018682637460693747,0,0,0,0,0.9999044580409969,0,0.012935697661593935,0,0,0,0,0.0021855068452296053,0,0,0,0,0.0039339123214132896,0,0,1,"HUFF BROWN, GAIL"
0.7588763444925226,0.4974913394727688,0.11186741934305833,0,0.1823425790857411,0,0.20108217907291082,0,0.030559151109991002,0,0,0,0.07986080274107848,0,0,0.2560406924627545,0,0.07209655803014028,0.1111104095610228,0,0,"HUFFMAN, JARED"
0,0,0.10692680584294283,0.9929425663542961,0,0,0,0,0.042868632246313966,0,0.01738905885706056,0,0,0,0,0,0,0.022172485547758303,0,0,0,"HUFFMAN, SCOTT"
0.3191609570258709,0,0,0,0,0,0,0.8868449062159424,0,0,0,0,0,0,0,0,0.2988966057093026,0.14934260920656353,0,0,1,"HUIZENGA, WILLIAM P"
0,0,0,0,0,0,0,0.09292239534668391,0,0,0,0,0,0,0,0,0,0,0,0.9956733542899673,1,"HULLIHAN, JONATHAN KEITH"
0,0,0,0,0,0,0,0,0,0,0,0,0.4662062322625999,0,0,0.8846760700954394,0,0,0,0,1,"HUNT, JEREMY"
0,0,0,0,0,0,0,0,0,0,0.6425568317261771,0,0,0,0,0.7662380295978642,0,0,0,0,0,"HUNT, TREY JOSEPH"
0.10290089739311198,0,0,0,0,0,0,0.7437259626074042,0,0,0,0,0.04493967371912172,0,0,0,0.6538161133326473,0.08238940181838982,0,0,1,"HUNT, WESLEY"
0,0,0,0,0.9641548781036223,0,0,0,0,0,0,0,0,0,0,0,0,0,0,0.26534010444896783,0,"HYNES, RANDELL SCOTT"
0,0,0,0,0,0,0,0,0,0,0.10612357517122353,0,0.9901435336011173,0,0,0,0,0.09139786464010315,0,0,0,"IRWIN, STEVEN"
0,0,0,0,0,0,0,0,0,0,1,0,0,0,0,0,0,0,0,0,1,"ISEMANN, JOHN HENRY"
0,0,0.30471759151141986,0,0,0,0,0,0,0,0,0,0,0,0,0.9459871382892301,0.11070466844190667,0,0,0,1,"ISSA, DARRELL"
0.3417973130098243,0,0.2536847617782138,0,0,0,0,0,0,0,0,0,0,0,0,0,0.9048859809173723,0,0,0,1,"IYER, STEVE"
0,0,0,0,0,0,0,0,0,0,0,0,0,0,0,0,0,1,0,0,0,"JACKSON, JONATHAN"
0,0,0,0,0,0,0,0,0,0,0,0,0,0,0,0,0,1,0,0,0,"JACKSON, NATALIE"
0,0,0,0,0,0,0,0.9980021185826603,0,0,0,0,0,0,0,0,0,0,0,0.06318046616258736,1,"JACKSON, RONNY LYNN"
0,0,0,0,0,0,0,0,0,0,0,0,0,0,0,0,0,0,0,0,1,"JACOBS, MATTHEW"
0.12698735669461206,0.5534508978761091,0,0,0.8007469449737338,0,0,0,0.058301196392755425,0,0,0,0.08709891037662543,0,0,0.124406040102425,0,0.0995416118590005,0,0,0,"JACOBS, SARA"
0,0,0,0,0,0,0,0,0,0,0,0,1,0,0,0,0,0,0,0,1,"JAMES, JOHN"
0.437990005086069,0,0,0,0,0,0,0,0.7319519420521953,0,0,0,0,0,0,0.5219301772945545,0,0,0,0,0,"JAYAPAL, PRAMILA"
0,0,0,0,0,0,0,0,0,0,0,0,0,0,0,0,0,0,0,0,0,"JEFFERSON, JRMAR"
0,0,0,0,0,0,0,0,0,0,0,0,0,0,0,0,0,0,0,0,1,"JENKINS, JONATHAN JENKINS"
0,0,0,0,0,0,0,0,0,0,1,0,0,0,0,0,0,0,0,0,1,"JENSEN, JESSE"
0,0,0,0,0,0,0,0,0,0,0,0,0,0,0,0,0,0,0,0,1,"JETTE, MATTHEW DR."
0.17539282368609196,0,0.05856179428020568,0,0,0,0,0.29289362573789296,0,0,0,0,0.037509774043997524,0,0,0,0.9373442347949773,0,0,0,1,"JOHNSON, BILL"
0,0,0,0,0,0,0,0,0,0,0.13012298717841142,0,0.5093959886562689,0,0,0.8506372522695379,0,0,0,0,1,"JOHNSON, DUSTY"
0.10106996295290942,0.5802111237001646,0,0,0.6282576613657707,0,0.07564544044149349,0,0,0,0,0,0.47818391731497173,0,0,0,0,0,0.15508105629064817,0,0,"JOHNSON, EDDIE BERNICE"
0.4243721544290451,0.4449853219206888,0.4727989830033209,0,0.18672246330526981,0,0.22391054904310184,0,0.05334237747372061,0,0.004179988315105027,0,0.02159983805321948,0,0,0.17161064662347508,0,0.5289842691857085,0.027427023072000505,0,0,"JOHNSON, HENRY C. 'HANK'"
0,0,0,0,0,0,0,0.9892430951285005,0,0,0,0,0,0,0,0.042926320139998496,0,0.13984073004608719,0,0,1,"JOHNSON, JAMES MICHAEL"
0,0,0,0,0,0,0,0,0,0,0,0,0,0,0,0,0,0,0,0,1,"JONES, ANDREW M JR"
0,0,0,0,0,0,0,0,0,0,0,0,0,0,0,0,0,0,0,0,0,"JONES, HERBERT CARROLL JR"
0.14710352107938734,0.6608938058080415,0,0,0.13296200139274147,0,0.7093354049908934,0,0,0,0,0,0.05572199678467297,0,0,0.13281332770840326,0,0,0,0,0,"JONES, MONDAIRE"
0,0,0.9348568824017643,0,0,0,0,0.018408014959548278,0,0,0,0,0,0,0,0,0,0.3545472527200047,0,0,1,"JORDAN, JAMES D."
0,0.1401706742640451,0,0,0,0,0.07390269803966164,0.09095710001982611,0,0,0,0,0,0.11675475914126082,0,0,0,0.014598980389011026,0,0.9761006993360225,1,"JOY, ELIZABETH L"
0,0,0.9777782415805167,0,0,0,0,0.06029838291243813,0,0,0,0,0.18473348568706194,0,0,0.03335697666475614,0.04266097531817317,0.05705004705041618,0,0,1,"JOYCE, DAVID P."
0,0,0,0,0,0,0,0.9870191441202127,0,0,0,0,0.1606026436276903,0,0,0,0,0,0,0,1,"JOYCE, JOHN"
0,0,0,0,0,0,0,0,0,0,1,0,0,0,0,0,0,0,0,0,1,"JUDGE, JAMES"
0,0,0,0,0,0,0,0,0,0,0,0,0,0,0,0,0,1,0,0,0,"KALE, ANDREA DORIA"
0.9532693010854681,0,0,0,0,0,0,0,0,0,0.3021218952807347,0,0,0,0,0,0,0,0,0,0,"KALLOCH, ANDREW"
0,0,0,0,0,0,0,0,0.4319436660118673,0,0.009824965472116823,0,0,0,0,0.8991858041146757,0,0.0692317060626425,0,0,0,"KAMLAGER, SYDNEY"
0.9069575396329745,0.14091179269554896,0,0,0.3929743008022708,0,0,0,0,0,0,0,0,0,0,0.05606324010610154,0,0,0,0,0,"KAPTUR, MARCY HON. M.C."
0,0,0,0,0,0,0,0,0,0,0,0,0.40878991329848546,0,0,0,0,0,0,0.9126285152160307,1,"KASPAR, SCOTT RICHARD"
0,0,0,0,0,0,0,0,0,0,0,0,0,0,0,0,0,0,0,0,1,"KATKO, JOHN M"
0,0,0,0,0,0,0,0,0,0,0.026069698503719017,0,0,0,0,0,0.9996601276533565,0,0,0,1,"KEAN, THOMAS H. JR."
0.8076391274413226,0.38235704044707075,0.07071691705851188,0,0.28109270954638566,0,0.05245493190693409,0,0.079968776939023975,0,0,0,0.017879734061189104,0,0,0.32332058300965133,0,0,0.059209207676703464,0,0,"KELLY, ROBIN"
0.6514264140481467,0,0,0,0,0,0.2641616933955567,0,0,0,0,0,0.711239922123867,0,0,0,0,0,0,0,0,"KHANNA, ROHIT"
0,0,0,0,0,0,0,0,0,0,0.9864958177256374,0,0,0,0,0,0.16378645124010102,0,0,0,1,"KIGGANS, JENNIFER"
0.09806713330040084,0.17623496834344124,0.4764189506445887,0,0,0,0,0,0.46356324872917887,0,0.3729677833165737,0,0.16060738115771162,0,0.24393276545062662,0.5258770303921648,0,0.12848590492616932,0,0,0,"KILBOY, MATTHEW"
0.47240690311710304,0.8539727975445366,0,0,0.154635522939185,0,0.02326278609998576,0,0.1367771531828969,0,0,0,0.056333742556041524,0,0,0.03503422021779611,0,0,0,0,0,"KILDEE, DANIEL T"
0,0,0,0,0,0,0,0,0,0,0,0,0,0,0,0,0,0,0,0,1,"KILEY, KEVIN"
0.35864123374924417,0.9051476662746217,0.008352874532934203,0,0.19308669321824873,0,0.0745213804891374,0,0.08735954803386141,0,0,0,0.017392131407245787,0,0,0.028066778313611943,0,0.02136747572890197,0,0,0,"KILMER, DEREK"
0.1381016901009897,0.6893901873369982,0.5178957682335098,0,0.18637387386975532,0,0.11298647350742405,0,0,0,0,0,0.09258549303130792,0,0,0.42224860212518367,0,0.055551295818784756,0,0,0,"KIM, ANDY"
0,0,0.8676053287937604,0,0,0,0,0,0,0,0,0,0,0,0,0.4972534499112811,0,0,0,0,1,"KIM, YOUNG"
0.046382424337120934,0.9475187846951766,0.025678631066103824,0,0.3035637516606277,0,0,0,0.06814286778369558,0,0,0,0,0,0,0.051019893344617706,0,0,0,0,0,"KIND, RONALD JAMES"
0,0,0,0,0,0,0,1,0,0,0,0,0,0,0,0,0,0,0,0,1,"KISTNER, TYLER"
0,0,0,0,0,0,0,0,0,0,0,0,0,0,0,0,0,0,0,0,0,"KLEE HOOD, SARAH"
0,0,0,0,0,0,0,0,0,0,0,0,0,0,0,0,0,0,0,0,0,"KOCEN, STEPHEN MARTIN"
0,0,0,0,0,0,0,0,0,0,0.1234536876231089,0,0,0,0,0,0,0.9923503348174251,0,0,1,"KOOLIDGE, MICHAEL"
0,0,0,0,0,0,0,0,0,0,0,0,0,0,0,0,0.02448691428264613,0.01988154716671408,0,0.9995024337695092,1,"KOVACS, JOHN"
0,0,0,0,0,0,0,0,0,0,0,0,0,0,0,0,0,0,0,0,1,"KREISELMAIER, ELIZABETH"
0,0,0,0,0,0,0,0,0,0,1,0,0,0,0,0,0,0,0,0,1,"KRESS, CONRAD"
0.19904864630829217,0.12858760033492728,0.19803408425699356,0,0.12282019295678424,0,0,0,0.9336349506684283,0,0,0,0,0,0,0.09418078103419564,0,0,0.09485950923151562,0,0,"KRISHNAMOORTHI, S. RAJA"
0,0,0,0,0,0,0,0.02913640159723238,0,0,0,0,0.5237690802404906,0,0,0.06124921499841386,0.849155789209538,0,0,0,1,"KULMANN, JANIFER SUZANNE"
0,0,0,0,0,0,0,0,0,0,0.11006852806889364,0,0,0,0,0.9311663892113057,0,0.3475831910952058,0,0,0,"KUMAR, RISHI"
0.07635838516809962,0.31383294899266345,0.9038042832983773,0,0.10481828510001248,0.25669715340394833,0.018024278495653908,0,0.008203318552619767,0,0.015864735311491067,0,0.01875815045043772,0,0,0.02644465548065051,0,0.015516000989868236,0,0,0,"KUSTER, ANN MCLANE"
0,0,0.15752756454454145,0,0,0,0,0.6772335001638082,0,0,0,0,0.01770156957262125,0,0,0,0.6009166898671322,0.3938599229908228,0,0,1,"KUSTOFF, DAVID"
0.797744778774433,0,0,0,0,0,0,0,0,0,0,0,0,0,0,0,0,0.602995247027811,0,0,0,"LAFAZAN, JOSHUA"
0,0,0,0,0,0,0,0,0,0,0,0,0.7100346893881018,0,0,0.7041666989183327,0,0,0,0,1,"LAHOOD, DARIN MCKAY"
0,0,0,0,0,0,0,0,0,0,0,0,0,0,0,0,0,0,0,0,0,"LAIBLE, STEVE WILLIAM"
0,0,0,0,0,0,0,0,0,0,0,0,0.1483348885506892,0,0,0,0.9889371875092243,0,0,0,1,"LAMALFA, DOUG"
0,0,0,0,0,0,0,0,0,0,0.0031772507925517876,0,0,0,0,0,0,0,0,0.9999949525259622,1,"LANGELLA, LEWIS MILAM"
0.544115373464839,0.6542820638747456,0.3818729592513109,0,0.07591393132052013,0,0.2824553943075921,0,0.19377445019292652,0,0,0,0.018599053763251005,0,0,0.052390977850789576,0,0,0.06199381092539385,0,0,"LANGEVIN, JAMES R HONORABLE"
0,0,0,0,0,0,0,0.14509415877378515,0,0,0.8419610360638861,0,0,0,0,0,0.5196626779363274,0,0,0,1,"LANGWORTHY, NICK"
0,0,0,0,0,0,0,0,0,0,0,0,0,0,0,0,0,0,0,0,1,"LARKIN, MATT MR"
0.6032044911751108,0.6319081491155822,0.012423621203410137,0,0.3520800633331719,0,0.05664721705014701,0,0.3111384652057184,0,0.020971505316937297,0,0.07172247269675656,0,0,0.04178284542758279,0,0.060204995329394204,0.04184852515046336,0,0,"LARSEN, RICK"
0.22641662909362809,0.9001309103335442,0.018251061064184827,0,0.32828093338665276,0,0.02221238578981175,0,0.16691906345954025,0,0,0,0.01845805115582988,0,0,0.03844779098610298,0,0.012854714197810094,0.007670859588587406,0,0,"LARSON, JOHN B"
0,0,0,0,0,0,0,0.9223101011141819,0,0,0,0,0.384636599749575,0,0,0,0.03740004700308623,0,0,0,1,"LATURNER, JAKE"
0,0,0,0,0,0,0,0,0,0,0,0,0,0,0,0,0,0,0,0,1,"LAUF, CATALINA"
0,0,0,0,0,0,0,0,0,0,0,0,0,0,0,0,0,0,0,0,1,"LAWLER, MICHAEL VINCENT"
0,0,0,0,0,0,0,0,1,0,0,0,0,0,0,0,0,0,0,0,0,"LAWSON, ALFRED JR"
0,0,0,0,0,0.9996277069906179,0,0.004099508811995578,0,0,0,0,0.006667608215414456,0.010103481251802946,0,0,0,0,0,0.024106101125233755,1,"LEAVITT, KAROLINE"
0,0,0,0,0.02493007900147165,0,0,0,0,0,0.999543507188776,0,0,0,0,0,0,0,0.017066587173230553,0,0,"LEBRUN, TIA MARIE MRS."
0,0,0,0,0,0,0,0,0,0,0,0,0.6755480047400778,0,0,0.7373160063986811,0,0,0,0,0,"LEE, DANIEL"
0,0,0,0,0,0,0,0,0,0,0,0,0,0,0,0,0,0,0,0,0,"LEE, DENTON"
0.9851537345736947,0.07810610028482773,0.01626602625140077,0,0.12968008134457432,0,0.07807073015610892,0,0,0,0.008081172109564532,0,0,0,0,0,0,0.011388810143277906,0,0,0,"LEE, SHEILA JACKSON"
0,0,0,0,0,0,0,0,0,0,0.1899945019432389,0,0,0,0,0,0,0.9817851543139878,0,0,0,"LEE, SUMMER"
0.46898156147351777,0.7805632545879986,0.24813762873132014,0,0.27149797745091686,0,0.042906859510744175,0,0.15020832978303109,0,0,0,0.040980348191993476,0,0,0.07469927226631234,0,0.06168176119619637,0.005129836635836772,0,0,"LEE, SUSIE"
0.014342651835173692,0,0,0.9709247346149728,0,0,0,0.01040215669350753,0.004028383957588712,0,0,0,0.008290367937985545,0,0,0,0.19627332618450372,0.00921151993109505,0,0.13527089279840288,1,"LEE, TYLER"
0.7205410445067821,0.5582490170172894,0.11191925123728667,0,0.3127825186518461,0,0.11200561267253324,0,0.18746674084389237,0,0,0,0.08509210664320482,0,0,0.042383989656518364,0,0.04575707621379881,0,0,0,"LEGER FERNANDEZ, TERESA"
0,0,0.010036844485078295,0,0,0,0,0.8788071847593761,0,0,0,0,0.01691779163753501,0,0,0,0.476637993560936,0.011278527758356673,0,0,1,"LESKO, DEBBIE"
0,0,1,0,0,0,0,0,0,0,0,0,0,0,0,0,0,0,0,0,1,"LETLOW, JULIA"
0.9863115242202977,0,0,0,0.15698095776266563,0,0,0,0,0,0,0,0.015318263782790501,0,0,0.035736590343410486,0,0.032168353943860056,0,0,0,"LEVIN, ANDY"
0.2762770976743457,0.8175874410640807,0.3461878547138318,0,0.28347398366927734,0,0.08075376233293016,0,0.2056525885359037,0,0,0,0.007734478550256482,0,0,0.07217629762478456,0,0.025265963264171177,0.017217579587747344,0,0,"LEVIN, MIKE"
0,0,0,0,0,0,0,0,0,0,0,0,0,0,0,0,0,0,0,0,1,"LEVY, DANIEL ALGIERS LUCAS"
0.20894710576171,0.622876933725804,0.5757350509124362,0,0.14552151008051314,0,0.30224967090125643,0,0.06770235807476636,0,0,0,0.01741633445999231,0,0,0.015312626864956014,0,0.01806138388443647,0.3448413867225576,0,0,"LIEU, TED"
0,0,0,0,0,0,0,0,0,0,1,0,0,0,0,0,0,0,0,0,0,"LINDERMAN, HANK"
0,0,0,0,0,0,0,0,0,0,1,0,0,0,0,0,0,0,0,0,0,"LIRA, JOHN"
0.5339253902805352,0.6684081557936777,0,0,0.3160100682441008,0,0.0734867985348702,0,0.11352611677957654,0,0,0,0.30058361348583984,0,0,0,0,0,0.24423933795454048,0,0,"LOFGREN, ZOE"
0,0,0,0,0,0,0,0,0,0,1,0,0,0,0,0,0,0,0,0,1,"LOGAN, GEORGE S"
0,0,0,0,0,0,0,0,0,0,0,0,0,0,0,0,0,0,0,0,0,"LOGEMANN, JONATHAN"
0.921137286868168,0.05655819981204453,0.0517107385334192,0,0.3317414975867387,0,0.16705220535416035,0,0.029028100707174386,0,0,0,0.016091447274450475,0,0,0.07038821445029848,0,0.040228618186126185,0,0,0,"LOWENTHAL, ALAN"
0,0,0,0,0,0,0,0,0,0,0,0,0,0,0,0,0,0,0,0,1,"LOWRY, ROBERT DR."
0,0,0,0,0,0,0,0,0,0,0,0,1,0,0,0,0,0,0,0,1,"LUETKEMEYER, W BLAINE"
0.009909565444739568,0.8050849558523472,0,0,0.16747098370414662,0,0,0,0.4648763924912638,0,0,0,0.2245036843248853,0,0,0.2391265761452436,0,0,0,0,0,"LURIA, ELAINE"
0,0,0,0,0,0,0,0,0,0,0,0,0,0,0,0,0,0,0,1,1,"LUTTRELL, MORGAN JOE"
0,0.9190705196830476,0,0,0,0,0.27629136897818846,0,0.2810203894340967,0,0,0,0,0,0,0,0,0,0,0,0,"LYNCH, STEPHEN"
0.7141774015777929,0,0.07138967134776157,0,0,0,0.04111718755337256,0,0,0,0,0,0.6209141555916434,0,0,0.12411123991022398,0.09336977063617934,0,0,0.27112290245082876,1,"MACE, NANCY"
0,0,0,0,0,0,0,0,0,0,1,0,0,0,0,0,0,0,0,0,1,"MACIE, MARA HEATHER"
0,0,0,0,0,0,0,0,0,0,0,0,0,0,0,0,0,0,0,0,1,"MADISON, JONATHAN"
0,0,0.49361469097581706,0,0,0,0,0,0.7952936336210529,0,0.35192694295076515,0,0,0,0,0,0,0,0,0,0,"MAHMOOD, ASIF DR."
0,0,0,0,0,0,0,0,0,0,0,0,0,0,0,0,0,0,0,0,1,"MAKKI, AMANDA"
0,0,0,0,0,0,0,0,0,0,0,0,0,0,0,0,0,0,0,0,0,"MALINOWSKI, TOM"
0.03680520269533581,0,0.9357356151959466,0,0,0,0,0.22767590209813895,0,0,0,0,0.07836002873358404,0,0,0,0.2524143459941302,0,0,0.03680520269533581,1,"MALLIOTAKIS, NICOLE"
0.1267979181579614,0.03764316560345439,0.08623336582221001,0.984738689436595,0.0670564332591793,0,0,0,0,0,0.006373167896976709,0,0,0,0,0,0,0.028663873941639835,0,0,0,"MAMMADOV, RAMIN"
0,0,0,0,0,0,0,0,0,0,0,0,0,0,0,0,0,0,0,0,0,"MANN, BETHANY EILEEN"
0,0,0,0,0,0,0,0.8068562010400523,0,0,0,0,0,0,0,0,0.5907478911034847,0,0,0,1,"MANN, TRACEY ROBERT"
0.5143643316940095,0.6802481914012779,0.02111685776710593,0.11523811850410176,0.352943946094347,0,0.03828886340292334,0,0.3424506650511148,0,0,0,0.060114169284226734,0,0,0.10974675052102029,0,0,0,0,0,"MANNING, KATHY"
0,0,0,0,0,0,0,0,0,0,0,0,0,0,0,0,0,0,0,0,1,"MAPP, CHRIS"
0,0,0,0,0,0,0,0,0,0,0,0,0,0,0,0,0,0,0,0,0,"MARON, MAUD"
0,0,0.6706549350207529,0,0.4313434650515906,0,0,0,0,0,0.1759398089625139,0,0,0,0,0,0,0.5772434121857355,0,0,0,"MARSHALL, DEREK"
0,0,0,0,0,0,0,0,0,0,0,0,0,0,0,0,1,0,0,0,1,"MARTER, JAMES THOMAS"
0,0,0,0,0,0,0,0,0,0,1,0,0,0,0,0,0,0,0,0,0,"MARTIN, ADAM"
0,0,0,0,0,0,0,0,0,0,0,0,0,0,0,0,0,0,0,0,1,"MARTIN, JACK"
0,0,0,0,0,0,0,0,0,0,0,0,0,0,0,0,1,0,0,0,1,"MARTINEZ JOHNSON, ALEXIS"
1,0,0,0,0,0,0,0,0,0,0,0,0,0,0,0,0,0,0,0,0,"MASON, JESSICA"
0,0,0.04482523140188858,0,0,0,0,0.04539299413752605,0,0,0,0,0.22666803080057688,0,0,0,0.8464938626884081,0,0,0.47749337058941976,1,"MAST, BRIAN"
0,0,0,0,0,0,0,0,0,0,0,0,0,0,0,0,0,0,0,0,0,"MATHEWS, PETER"
0,0,1,0,0,0,0,0,0,0,0,0,0,0,0,0,0,0,0,0,1,"MATLAND, JOHN"
0,0,0,0,0,0,0,0,0,0,0,0,0,0,0,0,0,0,0,0,1,"MATTAMMAL, GUS"
0,0,0,0,0,0,0,0,0,0,0,0,0,0,0,0,0,0,0,0,0,"MATTHEWS, AMEENA"
0,0,0,0,0,0,0,0,0,0,0,0,0,0,0,0,1,0,0,0,1,"MAURO, REGINA"
0,0,0,0,0,0,1,0,0,0,0,0,0,0,0,0,0,0,0,0,1,"MAYHUGH, JEFFREY MICHAEL"
0,0.5534401191439204,0.30720412220858184,0,0.7408472708645142,0,0.07659546858502525,0,0,0,0,0,0.10490770561458777,0,0,0.18330982125227907,0,0,0,0,0,"MCBATH, LUCIA KAY MS."
0,0,0,0,0,0,0,0,0,0,0,0,0,0,0,0,0,0,0,0,1,"MCCAFFREY, FRANCIS TIMOTHY MR."
0,0,0,0,0.13619491044615567,0,0,0,0,0,0.9906820611924714,0,0,0,0,0,0,0,0,0,0,"MCCALLIAN, RANDI MCCALLIAN"
0.540617400368506,0,0,0,0,0,0,0,0,0.5948667188617961,0,0.5948667188617961,0,0,0,0,0,0,0,0,1,"MCCARTHY, KEVIN"
0,0,0.2268361654427396,0,0,0,0,0.94479307150037,0,0,0,0,0.1983024996919641,0,0,0.09071134001399057,0.08260969051832555,0,0,0.03917418197463868,1,"MCCAUL, MICHAEL"
0.018743067295338808,0,0.012876536213655487,0,0,0,0,0.9939097468112483,0,0,0,0,0.026665267301563576,0,0,0.016751362456166527,0.09795322582742638,0.03224636976003037,0,0,1,"MCCLAIN, LISA"
0,0,0,0,0,0,0,1,0,0,0,0,0,0,0,0,0,0,0,0,1,"MCCLINTOCK, THOMAS"
0,0,0,0,0,0,0,0,0,0,0,0,0,0,0,0,0,0,0,0,0,"MCCORKLE, ISAAC IAN"
0.18971211157712364,0,0.12712255100381634,0,0,0,0,0.12515679483271536,0,0,0,0,0.8999499694101679,0,0,0,0.3496784251466917,0,0,0,1,"MCCORMICK, RICHARD DEAN DR."
0.012430058398316828,0,0.02683837389654721,0,0,0,0.09016978023676551,0,0.059350378376669795,0,0.9323454509675941,0,0,0,0,0,0,0.34380822956037055,0,0,0,"MCDOWELL, JAN"
0,0,0,0,0,0,0,0,0,0,0,0,0,0,0,0,0,0,0,0,0,"MCEACHIN, ASTON DONALD"
0.7658956395172982,0.4915641140123193,0,0,0.4144497450640697,0,0,0,0,0,0,0,0,0,0,0,0,0,0,0,0,"MCGARVEY, MORGAN"
0.4341831743438505,0.3705363495327367,0,0,0.2661940308659149,0,0.31681304124130316,0,0.22321480606938768,0,0,0,0.15325437937129843,0,0,0.0972771168652141,0,0.02078025483000657,0.6478824034660603,0,0,"MCGOVERN, JAMES P"
0,0,0.7668250372774548,0.1432627974289226,0,0,0,0,0,0,0,0,0.25481430638456626,0,0,0.25846369065312,0,0.5096286127691325,0,0,1,"MCHENRY, PATRICK TIMOTHY"
0,0,0,0,0,0,0,0,0,0,0,0,0,0,0,0,0,0,0,0,1,"MCKAUGHAN, DANIEL CREGG"
0,0.3562198876866411,0.6548231406413091,0,0,0,0,0.28821761669455614,0,0,0,0,0,0,0,0,0.4078266791971582,0.44149977492530756,0,0,1,"MCKINLEY, DAVID B. MR."
0.6785077945434791,0,0,0,0,0,0,0,0.692118314119405,0,0,0,0.10101925849557278,0,0,0,0,0.22448724110127283,0,0,0,"MCLEOD-SKINNER, JAMIE"
0,0,0,0,0,0,0,0.10914755786259274,0,0,0,0,0,0,0,0,0.9536875108722446,0.28029795257713563,0,0,1,"MCMORRIS RODGERS, CATHY"
0.9245975528402784,0,0,0,0,0,0,0,0,0,0.38094535734376456,0,0,0,0,0,0,0,0,0,0,"MEADOWS, SAMANTHA"
0.4077189041852908,0,0.11004083855206469,0,0.2646008378825604,0,0,0,0.3915631066622103,0,0,0,0.3136321874035533,0,0,0.4472098936362661,0,0,0.5476853121746936,0,0,"MEEKS, GREGORY W."
0,0,0,0,0,0,0,0,0,0,0,0,0,0,0,0,0,0,0,0,1,"MEHTA, RIK"
0,0,0,0,0,0,0,0,0,0,0,1,0,0,0,0,0,0,0,0,1,"MEIJER, PETER MR."
0.709741032609078,0,0,0,0,0,0,0,0,0,0,0,0.7044626793741452,0,0,0,0,0,0,0,0,"MELOY, SEAN"
0,0,0,0,0,0,0,0,0,0,0,1,0,0,0,0,0,0,0,0,0,"MELTON, RYAN MICHAEL APPLETON"
0,0,0,0,0,0,0,0,0,0,0,0,0,0,0,0,0,0,0,0,0,"MENENDEZ, ROBERT J."
0.2707810090571473,0.02123379673027948,0.9382141164010731,0,0.17613872004515563,0,0,0,0.053004384491286735,0,0,0,0.02378744247562933,0,0,0.03291664163101894,0,0.10043586823043495,0.020248900679307923,0,0,"MENG, GRACE"
0,0,0,0,0,0,0,0,0,0,0,0,1,0,0,0,0,0,0,0,1,"MEUSER, DANIEL"
0.05843150913554598,0.6004675468497069,0.25667534049660357,0,0.19021776872700502,0,0.15242695276756424,0,0.47621670660581494,0,0.14815069163807632,0,0,0,0,0.19178215055601752,0,0.35198150935935363,0.31831293210580625,0,0,"MFUME, KWEISI"
0,0,0,0,0,0,0,0,0,0,0,0,0,0,0,0,0,0,0,0,1,"MICHON, BRANDON"
0,0,0,0,0,0,0,0,0,0,0,0,0,0,0,0,0,0,0,0,1,"MIKHAIL, FADDE"
0,0,0.9927075978804157,0,0,0,0,0.061391228888398056,0,0,0,0,0.014232889892594651,0,0,0.016131730288716836,0.09708812565964024,0.029560617469235047,0,0,1,"MILLER, CAROL DEVINE"
0.0863720989026973,0,0,0,0,0,0,0.7711478054016171,0,0,0,0,0.41493198267491754,0,0,0,0.03484410971992268,0.15088435733633365,0,0.44913491429402597,1,"MILLER, MARY"
0.09131335238329304,0,0,0.9952886804061786,0,0,0,0,0,0,0.021437153216607826,0,0,0,0,0.010579083347837012,0,0.02215503981805498,0,0,0,"MILLER, STEPHEN"
0,0,0.9847325205757246,0,0,0,0,0.0064454635050615215,0,0,0,0.09839082994041068,0.1075903729334902,0,0,0,0.0267573593633469,0.0910380078667994,0,0,1,"MILLER-MEEKS, MARIANNETTE JANE"
0,0,0,0,0,0,0,0,0,0,0,0,0.16941749629263078,0,0,0,0.7742436612763846,0,0,0.6097905090465705,1,"MILLS, CORY"
0,0.5793948538248889,0,0,0,0,0,0,0,0,0,0,0,0,0,0.8150469945722366,0,0,0,0,0,"MIZEUR, HEATHER RENAY"
0,0,0,0,0,0,0,0,0,0.9986982636968138,0.05100762775281233,0,0,0,0,0,0,0,0,0,1,"MOLINARO, MARCUS J."
0,0,0,0,0,0,0,0,0,0,1,0,0,0,0,0,0,0,0,0,1,"MONAHAN, STEVEN EDWARD"
0.8955678191907815,0,0.40472083579626866,0,0,0,0,0,0,0,0.1848224182891172,0,0,0,0,0,0,0,0,0,0,"MONTALVO, ANGEL"
0,0,0,0,0,0,0,0,0,0,0.4212999412434763,0,0,0,0,0,0.9069213634644645,0,0,0,1,"MONTIEL, CARMEN"
0.11155795490404864,0,0.1548453071242778,0,0,0,0,0.6098034434183194,0,0,0,0,0.6786062770296427,0,0,0,0.27324192316582246,0.23780219964286625,0,0,1,"MOONEY, ALEXANDER XAVIER"
0,0,0,0,0,0,0,0,0,0,0,0,0,0,0,1,0,0,0,0,1,"MOORE, BLAKE"
0,0,0,0,0,0,0,0.9963473042076222,0,0,0,0,0,0,0,0.017293837505324285,0.06360579989748426,0.04851327452793739,0,0.024366719034821044,1,"MOORE, FELIX BARRY"
0.34808705606860985,0.7380199893936383,0.1750975450965606,0,0.40569983666769305,0,0.06076749455950003,0,0.2716431990557994,0,0,0,0.22339748528718098,0,0,0.09868165230895587,0,0.042227573438430546,0,0,0,"MOORE, GWEN S"
0,0,0,0,0,0,0,0,0,0,1,0,0,0,0,0,0,0,0,0,1,"MORAN, NATHANIEL QUENTIN"
0.3441048729016534,0.7967562854902983,0.10005141609082736,0,0.40405899020679287,0,0.04979941938284359,0,0.17577376909297046,0,0.01196646072550782,0,0.10868139411846278,0,0,0.13459627543010824,0,0.10024921698858202,0,0,0,"MORELLE, JOSEPH D"
0,0,0,0,0,0,0,0,0,0,0.9826706633357801,0,0,0,0,0,0,0,0,0.18536010201555814,1,"MORGAN, ADAM"
0,0,0,0,0,0,0,0,0,0,0,0,0.8221921916437787,0,0,0,0,0.5692099788303082,0,0,0,"MORGENTHAU, SARAH"
0.17538335335655972,0.7028634832350815,0,0,0.4865569544612573,0,0.09727548832739061,0,0.2618383878623025,0.10993058707509197,0.07202519477204396,0,0.2400329092442567,0,0,0.26492365503246185,0,0.12406195309253716,0,0,0,"MOULTON, SETH"
0,0,0.003596421835036072,0,0,0.9999880974193212,0,0,0,0,0,0,0.0017666447612238727,0,0,0,0.0027838347577298587,0,0,0,1,"MOWERS, MATT"
0,0.7949978193178674,0,0,0,0,0.3385439176824347,0,0,0,0,0,0,0,0,0.4379514249859387,0,0,0.2481230187484629,0,0,"MRVAN, FRANK J."
0,0,0,0,0,0,0,0,0,0,0,0,0,0,0,0,0,0,0,0,0,"MUGULUSI, MOSES R."
0,0,0,0,0,0,0.34235737008140893,0,0,0,0.2443055076386635,0,0,0,0,0,0.7496668473690121,0.5109851935664698,0,0,1,"MULLENIX, DOUGLAS"
0,0,0.20668970855191568,0,0,0,0,0,0,0,0.08969815142108176,0,0.7816047593448673,0,0,0,0,0.5816593557915292,0,0,0,"MULLIN, KEVIN"
0,0,0.265006154498952,0,0,0,0,0.95034357889446,0,0,0,0,0.03102385764630881,0,0,0.02645350823326516,0.12338720963470481,0.09738044205646931,0,0.01578601577629061,1,"MULLIN, MARKWAYNE MR."
0,0,0,0,0,0,0,0,0,0,1,0,0,0,0,0,0,0,0,0,0,"MULUGHETA, ABEL"
0,0,0,0,0,0,0,0,0,0,0,0,0,0,0,0,0,0,0,0,0,"MUNNS, SHANTE"
0,0,0,0,0,0,0,0,0,0,0,0,1,0,0,0,0,0,0,0,1,"MUNSON, JEREMY"
0,0,0,0,0,0,0,0,0,0,0,0,0,0,0,0,0,0,0,0,1,"MURPHY, BRAD ALLEN"
0,0,0.1067355049749593,0.4971945907126202,0,0,0,0.8418809982303467,0,0,0,0,0.021589204091122555,0,0,0.03029552952796646,0.16238974284915264,0.06990789896173019,0,0,1,"MURPHY, GREGORY FRANCIS DR."
0,0,0,0,0,0,0,0,0,0,0,0,0,0,0,0,0,0,0,0,1,"MURPHY, LEE"
0,0,0,0,0,0,0,0,0,0,1,0,0,0,0,0,0,0,0,0,1,"MYLES, JAMES"
0.7357857278919729,0,0,0,0.10796713244263073,0,0.3099379878697975,0,0.5724731056255349,0,0.015098912275128856,0,0,0,0,0.06386748269882317,0,0.12136867630350437,0.06432775347725087,0,0,"NADLER, JERROLD L."
0,0,0,0,0,0,0,0,0,0,0,0,0,0,0,0,0,0.02757536946191529,0,0.9996197271958166,1,"NALBANDIAN, JOHNNY"
0,0,0,0,0,0,0,0,0,0,0.9927608802394313,0,0,0,0,0,0,0,0,0.12010759620535907,1,"NAMDAR, BRAD"
0,0,0,0,0,0,0,0.6696037989748811,0,0,0,0,0,0,0,0.5185933702610408,0.22293799414940504,0.48269070789102847,0,0,1,"NAMKUNG, TERRY TOLBERT MR."
0.7853796555934106,0.4990660993314264,0.1157151772020551,0,0.19079669431577018,0,0.1353129012522504,0,0.22890750467631807,0,0,0,0,0,0,0,0,0.06808874677007637,0.09473193707616603,0,0,"NAPOLITANO, GRACE"
0,0,0,0,0,0,0,0,0,0,0.034998696152074855,0,0,0,0,0,0,0,0,0.9993873579686982,1,"NAVARRO, JESUS"
0.5016964959210698,0.8236703446728794,0.13689875055432865,0,0.18181284477669887,0,0.08604381459490036,0,0.10235423849888527,0,0,0,0.007691741963855374,0,0,0.011468207997811508,0,0,0,0,0,"NEAL, RICHARD E"
0,0,0,0,0,0,0,0.6889803244009708,0,0,0,0,0,0,0,0,0.6881676527172189,0,0,0.22744536561997936,1,"NEHLS, TROY"
0,0,0,0,0,0,0,0,0,0,0,0,0,0,0,0,0,0,0,0,0,"NEIGHBORS, RICKY"
0,0.9798151382301354,0.19990571501350493,0,0,0,0,0,0,0,0,0,0,0,0,0,0,0,0,0,0,"NEUMANN, CORA"
0,0,0,0,0.745443381472164,0,0,0,0,0,0,0,0,0,0,0,0,0.6665689499364231,0,0,0,"NEUMANN, MARK ALLEN"
0,0,0,0.8971462629808312,0,0,0,0,0,0,0.43390763241180286,0,0,0,0,0,0,0.08278133457678136,0,0,1,"NEVAREZ, WENDY MARIE-LIMBAUGH"
0,0,0,0,0,0,0,0.9915998180768741,0,0,0,0,0.09484142068396588,0,0,0.058226143205494636,0.05694512545420208,0.03319449723938806,0,0,1,"NEWHOUSE, DAN"
0,0,0,0,0,0,0,0,0,0,0,0,0,0,0,0,0,0,0,0,0,"NEWMAN, MARIE"
0,0,0,0,0,0,0,0,0,0,0.23472592801536404,0,0,0,0,0,0,0,0,0.9720615920389645,1,"NICK, LALOTA"
0.005235711099474781,0.007840847971671826,0.0016624545919155115,0.9998086864657006,0,0,0,0,0,0,0.013079710897061086,0,0.00807028285154217,0,0,0,0,0.007397759280580323,0,0,0,"NICKEL, WILEY"
0,0,0,0,0,0,0,0,0,0,0,0,0,0,0,0,0,0,0,0,1,"NOBLE, RON"
0.40142952529974707,0.7229506797057663,0.3458766779648252,0,0.1790970205875637,0,0.07046164292135082,0,0.37282623907537754,0,0.02792766058723689,0,0.06057645901837316,0,0,0.08422396146770869,0,0.013956341048350682,0.09374469247453694,0,0,"NORCROSS, DONALD W"
0,0,0,0,0,0,0,0,0,0,0,0,0,0,0,0.6088051120793624,0,0.7933198191814163,0,0,0,"NORINGTON-REAVES, KARIN M"
0.49680926926640834,0.43843272380647147,0,0,0.4584046435326647,0,0.21758480304245953,0,0,0,0,0,0,0,0,0.5470918247542038,0,0.06457451684988372,0,0,0,"NORTON, ELEANOR HOLMES"
0,0,0.4907620647383749,0,0,0,0,0,0,0,0,0,0,0,0,0,0,0,0,0.8712936335207134,1,"NORTON, THOMAS JOHN"
0,0,1,0,0,0,0,0,0,0,0,0,0,0,0,0,0,0,0,0,0,"NTI ASARE, ISAK"
0,0,0,0.9849173320450403,0,0,0,0,0,0,0,0,0.037751945697790994,0,0,0,0.16885686137468903,0,0,0,1,"O CONNELL, BRUCE"
0,0,0,0,0,0,0,0,0,0,0,0,0,0,0,0,0,0,0,0,1,"O'DONNELL, SHERRY ANNE DR"
0,0,0.19780585943710613,0,0,0,0,0,0,0,0,0,0.9802412162179,0,0,0,0,0,0,0,1,"OBERNOLTE, JAY"
0,0,0,0,0,0,0,0,0,0,0.04293522342056903,0,0.7765281406628165,0,0,0,0,0.6286180186318039,0,0,0,"OCAMPO GRAJALES, DAVID"
0.3223039480469775,0,0,0,0.9466362369322924,0,0,0,0,0,0,0,0,0,0,0,0,0,0,0,0,"OCASIO-CORTEZ, ALEXANDRIA"
0,0,0,0,0,0,0,0,0,0,0,0,0,0,0,0,0,0,0,0,0,"ODULATE, ANDALIB MIMOKUNMI THOMAS"
0,0,0,0,0,0,0,0,0,0,0,0,0,0,0,0,0,0,0,0,1,"OGLES, ANDY"
0,0,0.3452297678890108,0,0,0,0,0,0,0,0.4662078982808733,0,0,0,0,0.8145345928466333,0,0,0,0,0,"OLIVO, CHRISTINE ALEXANDRIA"
0,0,0,0,0,0,0,0,0,0,0.9492981635199347,0,0,0,0.21502030214641477,0,0,0.22934529949956214,0,0,0,"OMERE, IROGHAMA C"
0,0,0,0,0,0,0,0,0,0,0.8081567701302166,0,0.5413464871350739,0,0,0,0,0.2320056373436031,0,0,1,"ONEIL, JOSIAH"
0.3787455161638437,0,0,0,0,0,0,0,0,0,0,0,0.9255008557455707,0,0,0,0,0,0,0,0,"ORTEGA, MICHAEL"
0,0,0.17112135269374645,0,0,0,0,0.09627155555899077,0,0,0.021529848719498118,0,0.08653104251769306,0,0,0.9764722804757089,0,0,0,0,1,"OWENS, BURGESS"
0,0,0,0,0,0,0,0,0,0,0.2997926972432733,0,0,0,0,0,0.9540043703671399,0,0,0,1,"PALIN, SARAH"
0.6909283768142361,0.33757671289459973,0.610673678659267,0,0.06235451146290392,0,0.04732873663637016,0,0.16308126768338904,0,0,0,0.003917874502303233,0,0,0.017493140957121605,0,0.0463021532090382,0.023425537845089356,0,0,"PALLONE, FRANK JR"
0,0,0,0,0,0,0,0,0,0,0,0,0,0,0,0,1,0,0,0,1,"PALLOTTA, FRANK"
0,0,0,0,0.46506483343602,0,0.8834083935290205,0,0,0,0.05748313616707467,0,0,0,0,0,0,0,0,0,0,"PALMER, DAVID"
0,0,0.30356661438518723,0,0,0,0,0.9417903438137191,0,0,0,0,0.07968184025396673,0,0,0,0.04329677818880696,0.11249200977030596,0,0,1,"PALMER, GARY"
0.7661619574522743,0.29609851939454584,0,0,0.4502758942639584,0,0,0,0.342842528931097,0,0,0,0.0326650920663294,0,0,0.05754663841199146,0,0.025563985095388226,0,0,0,"PANETTA, JIMMY"
0,0,0,0,0,0,0,0,0,0,0,0,0,0,0,1,0,0,0,0,0,"PANSING BROOKS, PATTY"
0,0,0.10346075534768118,0.9170608492835769,0,0,0,0,0,0,0.08605713325048098,0,0,0,0,0,0,0,0,0.375352421906241,1,"PAPASTRAT, GEORGE"
0.0221627578427188,0.12024681958919022,0.004053101125493877,0,0.02456059697805035,0.9921534558818834,0.0047692063144904534,0,0,0,0,0,0.0021156482132230372,0,0,0.005844884621744156,0,0,0,0,0,"PAPPAS, CHRIS"
0,0,0,0,0,0,0,0,0,0,0.7317680242950837,0,0,0,0,0,0.6815537826314736,0,0,0,1,"PARROTT, NEIL CONRAD"
0,0,0,0,0,0,0,0,0,0,1,0,0,0,0,0,0,0,0,0,0,"PASTORE, DANIEL"
0,0,0,0,0,0,0,0,0,0,0,0,0,0,0,0,0,0,0,0,0,"PASTRANA, ALLEK"
0.30668613501004044,0,0,0,0,0,0,0,0,0,0,0,0.7366608411472186,0,0,0,0,0.6027225063931788,0,0,1,"PAULINA LUNA, ANNA"
0.8790637457106815,0.31858336407228005,0.08351338281218378,0,0.31761355002915104,0,0.03370636314831586,0,0.026443031464188464,0,0,0,0.019195575019927573,0,0,0,0,0,0.12527927167968705,0,0,"PAYNE, DONALD M MR. JR"
0,0,0.596020103880112,0,0,0,0,0,0,0,0,0,0,0,0,0.42293200984521906,0.4772621494537188,0.4879645392012008,0,0,1,"PENCE, GREGORY J."
0.23826885398881453,0.7439583633472671,0.07548039051564367,0,0.5639884563189116,0,0.24120029533752568,0,0.07906610412136941,0,0,0,0,0,0,0.029599166652712408,0,0.011048694323710096,0.02337569264203766,0,0,"PERLMUTTER, EDWIN G"
0,0,0,0,0,0,0,0,0,0,1,0,0,0,0,0,0,0,0,0,1,"PERRAS, BRIAN"
0,0,0.08496577728898926,0,0,0,0,0.9222623216626742,0,0,0,0,0.08592939655287156,0,0,0,0.33734621246836183,0.14500585668297078,0,0,1,"PERRY, SCOTT"
0,0,0.18498695095168557,0,0.04521790064908533,0,0,0.028865317839525728,0,0,0.03893699040398895,0,0,0,0,0,0,0.014119617863846393,0.03928927508488804,0.9796136293955255,1,"PETERS, SAMUEL JAMES MR"
0.2912201915760423,0.6070118039875848,0.4337356638210291,0,0.27015124238582766,0,0.07514066530464851,0,0.3882056247340935,0,0,0,0.014275747090946778,0,0,0.2804586227370738,0,0.22451856788489025,0,0,0,"PETERS, SCOTT"
0,0,0,0,0,0,0,0,0,0,0,0,0,0,0,0,0,0,0,0,0,"PETERSON, DAVID"
0,0,0,0,0,0,0,0,1,0,0,0,0,0,0,0,0,0,0,0,0,"PETTERSEN, BRITTANY LOUISE"
0,0.8931581015076276,0,0,0,0,0,0,0,0,0,0,0,0,0,0.44974282174515046,0,0,0,0,0,"PFAFF, BRAD"
0,0,0.15691981278108721,0,0,0,0,0.9705813587946711,0,0,0,0,0.13536132264120915,0,0,0,0.017246530041704507,0.12135842719556682,0,0,1,"PFLUGER, AUGUST LEE II"
0,0,0,0,0,0,0.029263672026541773,0.9973883259448302,0,0,0,0,0.01422976336709968,0,0,0,0,0.03794603564559915,0,0.052132302671103754,1,"PHAN WEST, AMY"
0.3596979894417613,0,0,0.902825257770744,0,0,0,0,0,0,0,0,0.23563512115714863,0,0,0,0,0,0,0,1,"PICHARDO, LAURA"
0.6175546973796581,0.7263700967377827,0.07725672729532844,0,0.1688725497520029,0,0.07049832216861943,0,0.12908328326451352,0,0,0,0.092601974746473,0,0,0.1610786171008086,0,0.019292078072181876,0,0,0,"PINGREE, CHELLIE M"
0,0,0.025712801025193206,0,0,0,0,0,0,0,0.06793685801194072,0,0,0,0,0,0,0,0,0.9973582281141036,1,"PIPER-LOOMIS, LYNZ"
0.8986229383326831,0.11988015857306464,0.07805654456699233,0,0.11737613970434227,0,0.2542211410871084,0,0,0,0,0,0,0,0,0.06577374762058953,0,0.21427061194933011,0.208252515865645,0,0,"PLASKETT, STACEY"
0,0,0,0,0,0,0,0,0,0,1,0,0,0,0,0,0,0,0,0,1,"PLOWHEAD, ANGELA"
0.7397761258071208,0.2850217402475225,0,0,0.4127846325619705,0,0.06002755232075192,0,0.18253875804788938,0,0,0,0,0,0,0.04881083077869724,0,0,0.4022394013074385,0,0,"POCAN, MARK"
0,0,0,0,0,0,0,0,0,0,0,0,0,0,0,0,0,0,0,0,1,"POLIQUIN, BRUCE"
0,0,0,0,0,0,0,0.0169323725199948,0,0,0,0,0,0,0,0,0,0,0,0.9998566371039621,1,"POLO, FRANK"
0,0,0,0,0,0,0,0.9710482387290972,0,0,0,0,0,0,0,0,0.23888348218560096,0,0,0,1,"POSEY, BILL"
0.7102402634060418,0,0.3067032050027166,0,0,0,0,0,0,0,0.25886284639259066,0,0,0,0.34351640903033986,0,0,0.46527241027424393,0,0,0,"POTELL, JASON RANDOLPH"
0,0,0,0,0,0,0,0,0,0,0,0,0,0,0,0,0.7101091243568194,0,0,0.7040916357301733,1,"PREMPEH, WILLIAM SREBOE"
0.96479282241297,0.11267798407667018,0.019535802394042377,0,0.05550237683444553,0,0,0,0.08049116400710868,0,0,0,0.07694972987325542,0,0,0.2004587423048028,0,0.02079722429006903,0,0,0,"PRESSLEY, AYANNA"
0,0,0,0,0,0,0,0,0,0,0,0,0,0,0,0,0,0,0,0,0,"PRINE, ADAM"
0,0,0,0,0,0,0,0.5046769418215321,0,0,0,0,0,0,0,0,0,0,0,0.8633082788863233,1,"PURHAM, RANDY"
0,0,0,0,0.3064999522459159,0,0,0,0,0,0,0,0,0,0,0.9518706736071089,0,0,0,0,0,"QUARTEY, JOHN QUAYE II"
0.4473529152901617,0.09345595040367095,0.02876512224526751,0,0.18796387429548303,0,0.07920377716914132,0,0.6136805813480471,0,0,0,0.6009661508836822,0,0,0.052640299369127695,0,0.06583832990572823,0.06197103085841976,0,0,"QUIGLEY, MIKE"
0,0,0,0,0,0,0,0,0,0,0.06135081598587326,0,0,0,0,0.9981162644591398,0,0,0,0,0,"RADER, TRISTAN"
0,0,0,0,0,0,0,0,0,0,0,0,0,0,0,0,0,0,0,0,0,"RADING, AJWANG"
0,0,0,0,0,0,0,0,0,0,0,0,0,0,0,0,0.3641034366811051,0.20387918684834802,0,0.908769478232552,1,"RAKEBRANDT, MICHAEL"
0.020099972032482625,0.7415824056908815,0.4359614374882869,0,0.2811212389005155,0,0.19125550473966113,0,0,0,0,0,0.03790592773319285,0,0,0.37234633738938205,0,0.04588612304544398,0.042392712230269504,0,0,"RASKIN, JAMIE"
0,0,0,0,1,0,0,0,0,0,0,0,0,0,0,0,0,0,0,0,0,"REED, RAYMOND"
0,0,0,0,0,0,0,0,0,0,0,0,0,0,0,0,0,0,0,0,1,"REHMAN, LAIQUE"
0,0,0,0,0,0,0,0.999339796908913,0,0,0,0,0,0,0,0,0.026305287259147683,0.02505997159349001,0,0,1,"RESCHENTHALER, GUY MR."
0,0,0,0,0,0,0,0,0,0,0,0,0,0,0,0,0.024894663894762074,0,0,0.9996900798295274,1,"REYNOLDS, CONRAD E"
0.1077104242917909,0,0,0,0.48820276017678566,0,0,0,0,0,0.7434262499856241,0,0.44426786996919165,0,0,0,0,0,0,0,0,"RHODES, AARIKA SAMONE"
0,0,0,0,0,0,0,0,0,0,0,0,0,0,0,1,0,0,0,0,1,"RICHARDS, AUDREY"
0.03178719524011866,0,0.9875577426129674,0,0.053514319988732365,0,0,0,0,0,0,0,0,0,0,0.14441432332040363,0,0,0,0,0,"RIVERA, CARLINA"
0,0,0.9519281655312918,0,0,0,0,0,0,0,0,0,0.30632134706583786,0,0,0,0,0,0,0,0,"ROBERTS, STEVEN C"
0,0,0,0,0,0,0,0,0,0,0,0,0,0,0,0,0,0,0,0,1,"ROBERTSON, MARK"
0,0,0,0,0,0,0,0,0.6830077379547509,0,0.730411137575225,0,0,0,0,0,0,0,0,0,1,"RODGERS, JAMES BYRON MR."
0.3225584085150587,0,0,0,0,0,0,0,0,0,0.11152276327563045,0,0,0,0,0.8648466223557313,0,0.3681834680800908,0,0,0,"RODRIGUEZ, EDUARDO R."
0,0,0,0,0,0,0,0,0,0,0,0,0,0,0,0,0.5177179673202217,0,0,0.8555513463923822,1,"ROGERS, MICHAEL"
0,0,0,0,0,0,0,0,0,0,1,0,0,0,0,0,0,0,0,0,0,"ROLLINS, WILL"
0,0,0,0,0,0,0,0,0.2261731834429668,0,0.1906368347406485,0,0,0,0,0,0,0,0.9552503799168784,0,0,"RONNING, PENNY"
0,0,0.23653838963059776,0,0,0,0,0.11766603009456807,0,0,0.06944087661482132,0,0.7176631014654159,0,0,0,0.1686393465492725,0.5980525845545134,0,0.15567854683884283,1,"ROSE, JOHN W."
0,0,0,0,0,0,0,0,0,0,0,0,0,0,0,0,0,0,0,0,0,"ROSE, MAX"
0,0,0,0,0,0,0,0.906626125487284,0,0,0,0,0,0,0,0,0.3612282193322495,0.12032424984351918,0,0.1818387116143365,1,"ROSENDALE, MATT MR."
0,0,0,0,0,0,0,0,0,0,0,0,0,0,0,0,0,0,0,1,1,"ROSS, DAVID LEWIS"
0.5040858873315073,0.3235304130317217,0.03096530654477064,0,0.43245908960212337,0,0.02592973930405999,0,0,0,0,0,0,0,0,0.6725073564683792,0,0,0.017529397119047354,0,0,"ROSS, DEBORAH"
0.22092060615238385,0.4755886024364064,0.822866948866234,0,0.19985590936412764,0,0.08411308908231041,0,0.011760039433274787,0,0,0,0.015279056910256064,0,0,0.010255789793309706,0,0.01894603056871752,0.006802485175146843,0,0,"ROYBAL-ALLARD, LUCILLE"
0.3593993713467146,0.6689134607944137,0.5156788746701443,0,0.2047582293350788,0,0.31057270529808095,0,0.09868605850258093,0,0.011645269591825484,0,0.033849129243449884,0,0,0.058494805668382444,0,0.06268357267305534,0.026639214243937264,0,0,"RUPPERSBERGER, C. A. DUTCH"
0.6672664072503295,0.593754227203631,0.15863982508410557,0,0.32530142493334485,0,0.14845114926211467,0,0.1879844758994132,0,0,0,0.04843441543636285,0,0,0.08920625151755654,0,0.05953396897386267,0,0,0,"RUSH, BOBBY LEE"
0,0,0,0,0,0,0,0.402645141198886,0,0,0,0,0,0,0,0,0.9153561548757562,0,0,0,1,"RUTHERFORD, JOHN"
0,0.0070835653246168525,0.0801071567895027,0,0,0,0,0,0.010163127676018657,0.9965881655523797,0.001499101842235963,0,0,0.014971847128411932,0,0,0,0.0038732592745018457,0,0,0,"RYAN, PATRICK"
0.19887421990880208,0.6918162269635487,0.015404465822494901,0,0.6278089802468608,0,0.01571130825783156,0,0.24782603793815614,0,0,0,0.14313364208471535,0,0,0.05140943275744988,0,0.05160600701013547,0,0,0,"RYAN, TIMOTHY"
0,0,0,0,0,0,0,0,0,0,0,0,0,0,0,0,0.8386197284909278,0.5447173129117547,0,0,1,"SAINE, LORI A"
0,0,0,0,0,0,0,0,0,0,0,0,0,0,0,0,0,0,0,0,0,"SALAS, RUDY"
0,0,0,0,0,0,0,0,0,0,0,0,0,0,0,0,0,0,0,0,0,"SALINAS, ANDREA"
0.4320508315243438,0.8676848733781088,0.12930774470570522,0,0.1318453684011241,0,0.08915369331348466,0,0.12459299612745646,0,0,0,0.009341018421688994,0,0,0.045240775530901986,0,0,0.027305079545593774,0,0,"SANCHEZ, LINDA"
0,0,0,0,0,0,0,0,0,0,0,0,0,0,0,0,0,0,0,0,1,"SANDVIG, NATE"
0.6989059160202764,0.49999325874823924,0,0,0.45531094498928304,0,0.10884160729671412,0,0.1565602767347506,0.008821529374861433,0,0,0.05640351492046721,0,0,0.07841358948519711,0,0.018645790056352796,0.09008916151387708,0,0,"SCANLON, MARY GAY"
0.7848522288164846,0.15318128291447194,0.02619078429821952,0,0.24225344774527005,0,0.17191115922559097,0,0.06856274287885088,0,0,0,0.22407264692685336,0,0,0.015822204044957877,0,0.07445225329198961,0.4592531499299571,0,0,"SCHAKOWSKY, JANICE D"
0,0,0,0,0,0,0,0,0,0,0,0,0,0,0,0,0,0,0,0,1,"SCHELLER, LISA"
0,1,0,0,0,0,0,0,0,0,0,0,0,0,0,0,0,0,0,0,0,"SCHIFF, ADAM"
0,0,0,0,0,0,0,0,0,0,0.21449000605241555,0,0,0,0,0.6289097989923669,0,0.7473061635200231,0,0,0,"SCHILLER, MARGARET ANN MS"
0,0,0,0,0,0,0,0.6179439604838997,0,0.7700403336004278,0,0,0.15869198571451118,0,0,0,0,0,0,0,1,"SCHMITT, COLIN J"
0.11310415770116193,0.934985780793841,0,0,0.3111053873268396,0,0,0,0,0,0,0,0,0,0,0.12736748878838408,0,0,0,0,0,"SCHNEIDER, BRADLEY S."
0,0.8056034747738736,0,0,0,0,0,0,0,0,0,0,0.05339394974217965,0,0,0.5900441742473104,0,0,0,0,0,"SCHOLTEN, HILLARY"
0.22385199446722057,0.6742350898145432,0.5566444160835742,0,0.422134077319843,0,0,0,0,0,0,0,0.08513015355397946,0,0,0,0,0,0,0,0,"SCHRADER, KURT"
0.35421746116266695,0.7910858356891132,0.15961231522295327,0,0.4092549451583258,0,0,0,0.23163437326490638,0,0,0,0,0,0,0.039228026606626665,0,0.023540784245221272,0,0,0,"SCHRIER, KIM DR."
0,0,0,0,0,0,0,0,0,0,0,0,0,0,0,0,0,0,0,0,1,"SCOTT, JAMES AUSTIN"
0,0,0.010043998190462086,0.9999288854200835,0,0,0,0,0,0,0.0029486293542143266,0,0,0,0,0,0,0.005713824273728709,0,0,0,"SEARCY, SAM"
0.029396797309652237,0,0,0,0,0,0,0,0,0,0,0,0,0,0,0.9995678207645218,0,0,0,0,0,"SELLERS, DAVID"
0,0,0,0,0,0,0,0,0,0.993232444644785,0,0,0,0,0,0,0.07002833506361801,0.0926571270500106,0,0,1,"SEMPOLINSKI, JOSEPH"
0,0,0,0,0,0,0,0.8065273343713464,0.01793631311849489,0,0,0,0.07291402762479215,0,0,0,0.5851282314330462,0.03873557717567084,0,0,1,"SESSIONS, PETE"
0,0,0,0,0,0,0,0,0,0,0,0,0,0,0,0,0,0,0,0,1,"SEVERINO, JOSEPH"
0,0,0,0,0,0,0,0,0,0,0,0,0,0,0,0,0,0,0,0,1,"SHAFFER, JEREMY"
0,0,0.14516204199886432,0,0,0,0,0,0,0,0.9517440615648598,0,0,0,0,0.2703908704796526,0,0,0,0,0,"SHARIEF, BARBARA"
0,0,0.8288418594447108,0,0.46589792924499096,0,0,0,0,0,0.27348831363552384,0,0.1454800118994397,0,0,0,0,0,0,0,0,"SHELTON, ALISHA"
0.18928657688617487,0.14173502359512838,0.9444708962547409,0,0.17426800862590558,0,0.0478036057580302,0,0.05696189677160476,0,0,0,0.028655471685105238,0,0,0.03518499798769915,0,0.08857145793577982,0.07907778756061906,0,0,"SHERMAN, BRAD"
0.07067408832514717,0.9472630757336269,0,0,0.24299603645494797,0,0,0,0,0,0,0,0,0,0,0.19659797775731033,0,0,0,0,0,"SHERRILL, MIKIE"
0.1380716800822877,0,0.4471764237738422,0,0,0,0.5405437114340444,0,0,0,0.2868670747418431,0,0,0,0,0.6375650826686307,0,0,0,0,0,"SHETH, ASHMI"
0,0,0,0,0,0,0,0,0,0,0,0,0,0,0,0,0,0,0,0,1,"SHOLTY, MORGUN"
0.20161520789797338,0,0.9794648068941818,0,0,0,0,0,0,0,0,0,0,0,0,0,0,0,0,0,0,"SIDDIQUI, IMRAN"
0,0,0.7479137174019878,0,0.12635661667175116,0,0,0,0,0,0.276552574711396,0,0,0,0,0.2445946728741606,0,0.5369834226186949,0,0,0,"SIMON, JO ANNE"
0.0613224293056856,0,0,0,0,0,0,0,0,0,0,0,0.09086480059778627,0,0,0,0.9939619090936229,0.004782357926199278,0,0,1,"SIMPSON, MICHAEL"
0,0,0,0,0,0,0,0,0,0,0.5314968602036502,0,0.45774633965314576,0,0,0,0,0,0,0.7127267191061442,1,"SKARLATOS, ALEK"
0,0.8223896753426084,0,0,0.5689246188115604,0,0,0,0,0,0,0,0,0,0,0,0,0,0,0,0,"SLOTKIN, ELISSA"
0,0,0.027777018109279124,0.9982997121062349,0,0,0,0,0,0,0,0,0,0,0,0.028744322178305998,0.0028832744676708204,0.031213382877022508,0,0.028588415027621907,1,"SLOTTA, CHAD"
0,0,0.1730891568748133,0,0,0,0,0,0,0,0,0,0,0,0,0,0.9849061598814205,0,0,0,1,"SMITH, ADRIAN"
0.8258778510124273,0.2644752098413019,0,0,0.39955777789721675,0,0,0,0.14880594017839616,0,0,0,0,0,0,0.17408423113164828,0,0.15879158636562907,0.10329049059204888,0,0,"SMITH, CHRISTY"
0.4264437437358234,0.4839892299924611,0.42378624764928297,0,0.15893792699726458,0,0.09067284929992706,0,0.570200295594901,0,0,0,0.05249828045536877,0,0,0.19866577775790553,0,0.012909413226730025,0.057474811835885646,0,0,"SMITH, D. ADAM"
0.1953688989374218,0.12927898476214436,0,0.9450966091532457,0,0,0.18362904793015972,0,0,0,0,0,0,0,0,0.0913648115325535,0,0.09921280544249245,0,0,0,"SMITH, ERICA DANETTE"
0,0,0,0.42386459036665064,0,0,0,0.011003371847193579,0,0,0,0,0.01695442020294777,0,0,0,0.0278423290863811,0.06970150527878528,0,0.9023839467487234,1,"SMITH, SANDY"
0,0,1,0,0,0,0,0,0,0,0,0,0,0,0,0,0,0,0,0,0,"SORENSEN, BEN"
0,0,0.9514657555011388,0,0,0,0,0,0,0,0,0,0.10934733855583711,0,0,0,0,0,0.2876735574560205,0,0,"SORENSEN, ERIC"
0,0,0,0,0,0,0,0,0,0,0,0,0,0,0,0,0,0,0,1,1,"SOSSA-PAQUETTE, JEFF"
0.7608533446989504,0.4801436219855879,0.38567933740633853,0,0.06157240178217189,0,0.06502496459367431,0,0.17599036711191798,0,0,0,0.016353514844110722,0,0,0.011668037447640573,0,0,0.04919494162341339,0,0,"SOTO, DARREN"
0,0.9711505623255943,0,0,0.22333799359274017,0,0,0,0,0,0,0,0.004728061725279953,0,0,0.08345280908976764,0,0,0,0,0,"SPANBERGER, ABIGAIL"
0,0,0.30907078904340474,0,0,0,0,0.907658018072306,0,0,0,0,0,0,0,0.17545170593221207,0,0.22326860163179513,0,0,1,"SPARTZ, VICTORIA"
0.5649130395009738,0.26918094731379355,0.13860597658553,0,0.6626886548963851,0,0,0,0.2522166155446635,0,0,0,0.248315214165944,0,0,0.11802468515190025,0,0.10413218658571845,0,0,0,"SPEIER, JACKIE"
0,0,0,0,0,0,0,0,0,0,0,0,0,0,0,0,0,0,0,0,1,"SPICER, LAVERN"
0,0,0,0,0,0,0.21982175005934612,0,0,0,0.1920787884529792,0,0,0,0,0,0.8964790486064763,0,0,0.33333084561274756,1,"SPINNEY, BILL"
0,0,0,0,0,0,0,0,0.15320693717049927,0,0.06402946275188327,0,0,0,0,0,0,0.9861175702230134,0,0,0,"SRIVASTAVA, SANDEEP KUMAR KUMAR"
0,0,0,0,0,0,0,0,0,0,0,0,0,0,0,0,0.03183661921292861,0.9994930863578252,0,0,1,"ST. JOHN, HEIDI"
0.7276520970676019,0.2862243943250303,0.03438912060919701,0,0.25988608986746936,0,0.07702551726418981,0,0.5153377074557314,0,0.005542714185713037,0,0.09274436449493999,0,0,0.1683040813468682,0,0.06205689094882014,0.08694358532754187,0,0,"STANSBURY, MELANIE"
0.017235457319203153,0.9664904372673309,0,0,0.2455217358584194,0,0.02083816166896348,0,0,0,0,0,0.04286323292853694,0,0,0.05519751066888754,0,0,0,0,0,"STANTON, GREG"
0,0,0,0,0,0,0,0,0,0,0.06320699167555417,0,0.998000438979526,0,0,0,0,0,0,0,0,"STAPLETON, BAXTER"
0,0,0,0,0,0,0,0.98082632315476,0,0,0,0,0,0,0,0,0.1374430713606633,0.13816340304748587,0,0,1,"STAUBER, PETER ALLEN"
0.0979277564834764,0,0.638727477804045,0,0,0,0,0.5152237466406715,0,0,0,0,0.05791468211845647,0,0,0.2789751178188824,0.48559306805060987,0,0,0,1,"STEEL, MICHELLE"
0,0,0,0,0,0,0,1,0,0,0,0,0,0,0,0,0,0,0,0,1,"STEIL, BRYAN GEORGE"
0,0,0,0,0,0,0,0,0,0,0,0,0,0,0,0,0,0,0,0,0,"STEINER, MAX"
0.2851771569135898,0.6931408081017341,0.2400011142541938,0,0.31113937622383603,0,0.15579163810179408,0,0.3745621350739756,0,0.0011550398868412734,0,0.03382206157376233,0,0,0.21619437695541116,0,0.10743478382253915,0.24459400674700785,0,0,"STEVENS, HALEY"
0,0,0,0,0,0,0,0.8141394227877058,0,0,0,0,0,0,0,0.5806694414750109,0,0,0,0,1,"STEWART, CHRIS"
0,0,1,0,0,0,0,0,0,0,0,0,0,0,0,0,0,0,0,0,1,"STIVERS, STEVE MR."
0.34585507116653014,0.763491385588098,0.41777207072758427,0,0.22059807385797744,0,0.16226937375428518,0,0.0845823815119839,0,0.12665609892662688,0,0.04777703148336879,0,0,0.1335835076707676,0,0.06792397247033152,0,0,0,"STRICKLAND, MARILYN"
0,0,0.49583855638574986,0,0,0,0,0,0,0,0,0,0,0,0,0,0,0.1532244975796846,0,0.8547902545904165,1,"STURGILL, SCOTT"
0,0,0,0,0,0,0,0,0,0,0,0,0,0,1,0,0,0,0,0,0,"STURM, SCOTT WILLIAM"
0,0,1,0,0,0,0,0,0,0,0,0,0,0,0,0,0,0,0,0,1,"SULLIVAN, DAN"
0.49881718745631637,0.1913084752144985,0,0,0.8153467720579672,0,0.10716828491293934,0,0,0,0,0,0,0,0,0.19572194770323056,0,0,0,0,0,"SUOZZI, THOMAS"
0,0,0,0,0,0,0,0,0,0,0.362590689684181,0,0,0,0,0,0.9319484920071227,0,0,0,1,"SWAD, ANTONIO"
0.5130662325396682,0,0,0,0,0,0.076871682801771,0,0.05312735177123141,0,0.23509488452447788,0,0.8098924446780367,0,0,0,0,0,0.12975320122604445,0,0,"SWALWELL, ERIC MICHAEL"
0,0,0,0,0,0,0,0,0,0,0,0,0,0,0,0,1,0,0,0,1,"SWAN, MITCHELL"
0.32416563028927714,0,0,0,0,0,0,0,0,0,0,0,0,0,0,0,0.9053615015687444,0,0,0.27429399486015754,1,"SWANK, KEITH ROLAND"
0,0,0,0,0,0,0,0,0,0,0,0,0,0,0,0,0,0,0,0,0,"SWARTZ, JOSEPH"
0,0,0,0,0,0,0,0,0,0,0.7602311861313118,0,0,0,0,0,0,0,0,0.6496526330535255,1,"SYNSTELIEN, SETH"
0.9862570523729012,0,0.16521811839116393,0,0,0,0,0,0,0,0,0,0,0,0,0,0,0,0,0,0,"TAITANO, KYLIE"
0.023405846556085325,0.6966567501585317,0.05369530606188846,0,0.18413870531933355,0,0.45176276949496225,0,0,0,0,0,0.4472117067237177,0,0,0.2706351410724173,0,0,0,0,0,"TAKANO, MARK"
0,0,0,0,0,0,0,0,0,0,0,0,0,0,0,0,0,0,0,0,1,"TANDON, RITESH"
0,0,0,0,0,0,0,0.21749577847690046,0,0,0,0,0.9701012703582813,0,0,0,0,0,0,0.10769917174229314,1,"TARKANIAN, DANNY"
0,0,0,0,0,0,0,0.9254736010165907,0,0.10716162044462123,0,0,0.11918433037442153,0,0,0,0.34323475394876324,0,0,0,1,"TENNEY, CLAUDIA"
0,0,0,0,0,0,0,0,0,0,0,0,0,0,0,0,0,0,1,0,0,"TERRY, JOANNE R"
0,0,0,0,0,0,0,0,0,0,0,0,0,0,0,0,0,0,0,0,0,"THANEDAR, SHRI"
0,0,0,0,0,0,0.10815889433355737,0,0,0,0,0,0,0,0,0,0.9941336195786471,0,0,0,1,"THELANDER, EDWIN F MR."
0,0,0,0,0,0,0,0,0,0,0,0,0,0,0,0,0,0,0,0,1,"THOMAS, DANIEL M."
0.609708977007442,0.5203039090527584,0.08825388538805373,0,0.23819781188691963,0,0.028239002220002613,0,0.31226341871128643,0,0,0,0.1487579932535282,0,0,0.40183981097056337,0,0,0.10536508699677039,0,0,"THOMPSON, BENNIE G."
0,0,0,0,0,0,0,0,0,0,0,0,1,0,0,0,0,0,0,0,0,"THOMPSON, MICHAEL ANTHONY"
0,0,0,0,0,0,0,0,0,0,0,0,0,0,0,0,0,0.6180138284957473,0,0.7861672263507485,1,"THORNE, GREGORY JONATHAN"
0,0,0,0,0,0,0,0,0,0,0,0,0,0,0,0,0,0,0,0,0,"THRONEBURG, JOSHUA"
0,0,0,0,0,0,0,0,0,0,0,0,0,0,0,1,0,0,0,0,1,"TIMMONS, WILLIAM R IV"
0.5093622708594658,0.6269539289208081,0.06127401943236262,0,0.26291016987103566,0,0.06635921003060355,0,0.44819681537250106,0,0,0,0.10063332823506774,0,0,0.03186649399668669,0,0.20232595466208353,0.13130241037188561,0,0,"TITUS, DINA"
0.513453023082197,0.044406421495525275,0.8323094017351211,0,0.1236888890766041,0,0.0792484359021362,0,0,0,0,0,0,0,0,0.05230528300530907,0,0.13120376685896848,0.0112069469014611,0,0,"TLAIB, RASHIDA"
0,0,0.8583964202066865,0,0,0,0,0,0,0,0,0,0,0,0,0,0,0.5129869255413297,0,0,0,"TOKUDA, JILL NAOMI"
0.7626178462966593,0.5012844700213485,0.09719890184520844,0,0.2477948594109228,0,0.25635378843007883,0,0.1379057210958871,0,0,0,0.08613526264823006,0,0,0.060947775150266684,0,0.006326318725576219,0.019203955987578777,0,0,"TONKO, PAUL DAVID"
0.3248151708015285,0.4360302167733585,0.47177949787519374,0,0.5834306970873199,0,0.22754345597310527,0,0.1025437279428388,0,0,0,0.07699409498177244,0,0,0.12748334741999143,0,0.14582214958669024,0.1888651572430318,0,0,"TORRES, RITCHIE JOHN"
0.5147542992449968,0.5676456767401088,0.4666948358704954,0,0.30377346953699463,0,0.020490255210821665,0,0.3118675928303636,0,0.0015666218063312067,0,0.03802396074194586,0,0,0.015060716308604477,0,0.026494114581484856,0.051630623377410714,0,0,"TRAHAN, LORI"
0,0,0,0,0,0,0,0,0,0,0,0,0,0,0,0,0.8074569504776953,0,0,0.5899264980701077,1,"TRAN, DEAN"
0,0,0,0,0,0,0,0,0,0,1,0,0,0,0,0,0,0,0,0,0,"TRANEL, MONICA"
0.4951380146523389,0.7277530761372396,0.06176554901792796,0,0.12183916873004268,0,0.05489835339410219,0,0.36322378466892485,0,0,0,0.047813518513888646,0,0,0.16476244633183876,0,0.1287880256745065,0.15996731463315506,0,0,"TRONE, DAVID"
0,0,0,0,0,0,0,0,0,0,0,0,0,0,0,0,0,0,0,0,1,"TROUTEN, BRYAN"
0.29103030027568033,0,0,0,0,0,0,0,0,0,0,0,0,0,0,0,0.8460212545647845,0,0.03782582613620789,0.4451051651275111,1,"TUNNELL, KEZIA"
0.9694384545792837,0.17931491751401252,0,0,0.07145898755347613,0,0,0,0.0826575519720544,0,9.144238790417575e-4,0,0.06221553309953822,0,0,0.02224075573835685,0,0.01811338305429594,0.10678122844543902,0,0,"UNDERWOOD, LAUREN"
0,0,0,0,0,0,0,0.3307358796767623,0,0,0,0,0.9437233587733421,0,0,0,0,0,0,0,1,"VALADAO, DAVID"
0,0,0,0,0,0,0,0,0,0,1,0,0,0,0,0,0,0,0,0,0,"VALLEJO, MICHELLE"
0,0,0,0,0,0,0,0.7333621714054408,0,0,0,0,0.35482864136345477,0,0,0,0.5798935771498609,0,0,0,1,"VAN DREW, JEFF MR"
0,0,0.025939246156967247,0,0,0,0,0.9279536848799852,0,0,0,0,0.15635124268764727,0,0,0,0.3373179555500921,0,0,0,1,"VAN DUYNE, ELIZABETH ANN"
0,0,0,0,0,0,0,0,0,0,0,0,0,0,0,0,0,0,0,0,1,"VAN ORDEN, DERRICK F. MR."
0.16061615784529656,0,0,0,0,0,0,0,0.9777993418028129,0,0,0,0,0,0,0.13457673279211574,0,0,0,0,0,"VAN SOMEREN, MIKE"
0,0,0.8918552569574132,0,0,0,0.030420262572156603,0,0,0,0.4452321493507344,0,0.03433896024288129,0,0,0.050596253043294716,0,0.04120675229145755,0,0,0,"VARGAS, ANTHONY 'TONY'"
0.40069741208770965,0.3828822315925802,0.564940645864256,0,0.1446361306131372,0,0.43926298542752323,0,0.35980119629582374,0,0,0,0.13304241315581586,0,0,0.09119979675655565,0,0.05958341202683777,0.028080174688001204,0,0,"VARGAS, JUAN C."
0.12974730089194114,0.1854736866917744,0,0,0,0,0,0,0.7011732211317534,0,0,0,0.6761074348237407,0,0,0,0,0,0,0,0,"VASQUEZ, GABRIEL"
0.2832885510850613,0.5934746033331727,0.6229065793951452,0,0.23792120425069704,0,0.2903368771661008,0,0.13053884023004236,0,0.035319170069607726,0,0.005117093991978844,0,0,0.10751067154538564,0,0.07789354187790018,0.05177758296673813,0,0,"VEASEY, MARC ALLISON"
0,0,0,0,0,0,0,0.4443527476867611,0,0,0,0,0,0,0,0,0,0,0,0.8958519049615431,1,"VEGA, YESLI"
0.11382962777165972,0.8984120361582214,0.30887984765812704,0,0.19362628383287575,0,0.2167965199147966,0,0,0,0,0,0,0,0,0,0,0,0,0,0,"VELA, FILEMON"
0.701707482378387,0.3358000490030334,0.4746530268558152,0,0.3781782442153314,0,0.03189415222045968,0,0.08313209580166693,0,0,0,0.04704354680399034,0,0,0.12495677606487134,0,0.027842099128892243,0,0,0,"VELAZQUEZ, NYDIA M."
0,0,0,0.9998648974383816,0,0,0,0.0021837378757861834,0,0,8.386045657670686e-4,0,0,0,0,0,0.016090201443138004,0,0,0.002412533797886246,1,"VILLAVERDE, CHRISTINE"
0,0,0,0,0.0025146165362215805,0,0,0,0,0,0.031038023961086517,0,0,0,0.9994371864805602,0.007545342409245601,0,0.009934579005471142,0,0,0,"VIRASINGH, VICTORIA"
0,0,0,0,0,0,0,0,0,0,0.2600310381664246,0,0,0,0,0,0.8274742818053745,0.49766471860156125,0,0,1,"VOYLES, SUSAN"
0,0,0,0,0,0,0,1,0,0,0,0,0,0,0,0,0,0,0,0,1,"WALBERG, TIMOTHY L REP"
0,0,0,0,0,0,0,0,0,0,1,0,0,0,0,0,0,0,0,0,0,"WALKER, ALEX"
0.3118668811300755,0.3373086379126622,0.22445590341051558,0,0,0,0,0,0,0,0,0,0,0,0,0.8594076324235624,0,0,0,0,0,"WALKER, KIMBERLY H MS"
0,0,0,0,0,0,0,0,0,0,0,0,0,0,0,0,0,0,0,0,1,"WALKER, PAUL D"
0,0,1,0,0,0,0,0,0,0,0,0,0,0,0,0,0,0,0,0,1,"WALLACE, DAVID D II.."
0,0,1,0,0,0,0,0,0,0,0,0,0,0,0,0,0,0,0,0,1,"WALLACE, DAVID DRAIN II"
0,0,0,0.9852847957193636,0,0,0,0,0,0,0,0,0,0,0,0.17092065797981235,0,0,0,0,0,"WARD, ASHLEY"
0,0,0,0,0,0,0,0.39875650713189986,0,0,0,0,0.912897075404295,0,0,0,0,0,0,0.08724779503375399,1,"WARDYNSKI, CASEY"
0,0,0,0,0,0,0,0,0,0,0.9903364400152076,0,0,0,0,0,0,0.1386857439609613,0,0,0,"WARNER-STANTON, KATHY L"
0,0,0,0,0,0,0,0,0,0,0,0,0,0,0,0,0,0,0,0,1,"WATERS, JUSTIN JAMES MR."
0,0.47733201213320964,0,0,0.3714925951050457,0,0,0,0,0,0,0,0,0,0,0.7963337252527862,0,0,0,0,0,"WATERS, MAXINE MS"
0,0,0,0.051936051289630004,0,0,0.02450670855179134,0,0,0,0,0,0.9983496721151355,0,0,0,0,0,0,0,0,"WATKINS, RICHARD LEE DR."
0,0,0,0,0,0,0,0,0,0,0,0,0,0,0,0,0,0,0,0,1,"WEBBER, ERROL"
0,0,0,0,0,0,0,0,0,0,0,0,0,0,0,0,0,0,0,0,1,"WEBER, RANDY"
0,0,0,0,0,0,0,0,0,0,0,0,0,0,0,0,0,0,0,0,1,"WEILER, TOM"
0,0,0,0,0,0,0,0,0,0,0,0,0,0,0,0,0,0,0,0,0,"WELLS, TOM BECKWITH DR."
0,0,0.8722691881675794,0,0,0,0,0,0.48902603547610024,0,0,0,0,0,0,0,0,0,0,0,0,"WENDELL, BARRY LEE MR."
0,0,0,0,0,0,0,0.9993347087334705,0,0,0,0,0,0,0,0,0.03647108334817881,0,0,0,1,"WENSTRUP, BRAD DR."
0,0,0,0,0,0,0,0,0,0,0,0,0,0,0,0,0,0,0,0,0,"WEST, MATTHEW"
0,0,0,0,0,0,0,0.9599590062172548,0,0,0,0,0.2801405118549986,0,0,0,0,0,0,0,1,"WESTERMAN, BRUCE"
0.20266553274617155,0.7839547191089119,0.031003021394868192,0,0.4293843795545961,0,0,0,0.3525946950710699,0,0,0,0.17827349516513888,0,0,0.05389888135969045,0,0,0,0,0,"WEXTON, JENNIFER"
0,0,0,0,0,0,0,0,0,0,0,0,0,0,0,0,0,0,0,0,1,"WHEELER, BILL"
0,0,0,0,0,0,0,0,0,0,0,0,0,0,0,0,0,0,0,0,1,"WHEELESS, TANYA CONTRERAS"
0,0,0,0,0,0,0,0,0,0,0,0,0,0,0,0,0,0.13373183022292826,0,0.99101755664833,1,"WHICHARD, TAYLOR MARSHALL IV"
0,0,0,0,0,0,0,0,0,0,0,0,0,0,0,0,0,0,0,0,0,"WHITE, WAYNE C"
0,0,0,0,0,0,0,0,0,0,0,0,0,0,0,0,0,0,0,0,1,"WHITEHEAD, PAUL"
0.3341130313827389,0.8762613216014017,0,0,0.3429601232638556,0,0.03075778376496234,0,0,0,0.0010750379049348294,0,0,0,0,0.044336614753649806,0,0,0,0,0,"WILD, SUSAN"
0,0,0,0,0,0,0,0,0,0,0,0,0,0,0,1,0,0,0,0,0,"WILKES, MCKAYLA NICOLLETTE"
0,0,0,0,0,0,0,0,0,0,1,0,0,0,0,0,0,0,0,0,1,"WILKINSON, BRANDON"
0,0,0,0,0,0,0,0,0,0,0,0,0,0,0,0,0,0,1,0,1,"WILLIAMS, BRANDON MCDONALD"
0,0,0.012393622817184915,0,0,0.9998266645941589,0,0,0,0,0,0,0,0,0,0,0.013893843240249766,0,0,0,1,"WILLIAMS, LILY TANG"
0.44151879375553393,0,0,0,0,0,0,0,0,0,0,0,0,0,0.8972520018147959,0,0,0,0,0,0,"WILLIAMS, MARSHA VIRIGINIA"
0.35853808991469616,0.25482965964688165,0.23153277714742793,0,0.17900974207768258,0,0.8332392922666338,0,0.009636943075244313,0,0.027562989644562875,0,0.0560762493331484,0,0,0.11812963856711538,0,0.09280350528616892,0.0029005007504558917,0,0,"WILLIAMS, NIKEMA N."
0,0,0,0,0,0,0,0,0,0,0,0,0,0,0,0,0,0,0,0,0,"WILLIAMS, ROY HAROLD MR. JR"
0,0,0,0,0,0,0,0,0,0,0,0,0,0,0,0,0,0,0,0,0,"WILLIAMS, SKYLAR"
0,0,0,0,0,0,0,0.8307999737350142,0,0,0.05055709595666494,0,0,0,0,0.5346336200379516,0,0,0,0.14622679650270495,1,"WILSON, JOE THE HON."
0,0,0,0,0,0,0,0,0,0,0.35547815787067205,0,0,0,0,0,0,0,0,0.934684588124183,1,"WIMBISH, CALVIN B MR"
0,0,0,0,0,0,0,0.9896841061163995,0,0,0,0,0,0,0,0,0.014627584245575724,0.14251808264119298,0,0,1,"WINSTEAD, KURT"
0,0,0,0,0,0,0,0,0,0,0,0,0,0,0,0,0,0,0,0,0,"WINTER, THOMAS"
0,0,0,0,0,0,0,0,0,0,1,0,0,0,0,0,0,0,0,0,0,"WIRTH, CYNTHIA"
0,0,0,0,0,0,0,0.9322283723372722,0,0,0,0,0,0,0,0,0.3618705041992236,0,0,0,1,"WITTMAN, ROBERT J. MR."
0,0,0,0,0,0,0,0,0,0,0,0,1,0,0,0,0,0,0,0,0,"WOOD, MARISA"
0,0,0,0.986316147359145,0,0,0,0.016391654284763364,0,0,0.010026050584139683,0,0,0,0,0,0.022931742890913546,0,0,0.16212767995037522,1,"WOODHOUSE, MICHELE V"
0,0,0,0,0,0,0,0,0,0,0,0,0,0,0,0,0,0,0,0,0,"WOODMAN, JOHN M."
0,0,0,0,0,0,0,0,0,0,0,0,0,0,0,0,0,0,0,0,0,"YANEZ, HENRY"
0.36349428830357605,0.9047715597163942,0.03342034551173935,0,0.19204239367946163,0,0.03001124466795538,0,0.091547767741752,0,0,0,0.005451512008797977,0,0,0.044178490994812705,0,0,0,0,0,"YARMUTH, JOHN"
0,0,0,0,0,0,0,0,0,0,1,0,0,0,0,0,0,0,0,0,0,"YETTER, JOSEPH FREDERICK III"
0.691144318947752,0,0,0,0.6510507641782353,0,0,0,0,0,0.10202142672299952,0,0,0,0.22241750153735815,0,0,0.19640396215063205,0,0,0,"ZAPATA, CLAUDIA ANDREANA"
0,0,0,0,0,0,0,0,0,0,0.6189471354776958,0,0,0,0,0.7854326473249982,0,0,0,0,1,"ZIMM, CHRISTIAN GERARD"
0,0,0,0,0,0,0,0,0,0,0.3898055770401454,0,0,0,0,0.08479820246833329,0,0.9169846656114478,0,0,0,"ZIMMERMAN, ROBERT"
0,0,0,0,0,0,0,0,0,0,0,0,0,0,0,0,0,0,0,0,1,"ZINK, JEFFREY NELSON MR"
0,0,0,0,0,0,0,0.5873663092624213,0,0,0,0,0,0,0,0,0.3572691150390686,0,0,0.7261952892870088,1,"ZINKE, RYAN K"
0,0,0,0,0,0,0,0,0,0,0,0,0,0,0,0,0,0,0,1,1,"ZMICH, THOMAS"
1,0,0,0,0,0,0,0,0,0,0,0,0,0,0,0,0,0,0,0,1,"ZUMBLUSKAS, MICHAEL K MR."
